Channel Title,Channel Username,ID,Message,Date,Media Path
рѕўріљрѕ╗рІг,@meneshayeofficial,740,"Aero space rocket

рѕ«рігрЅхріЋ рЅарѕџрїѕрїБрїарѕЮ рЅЦрѕјріГ

­ЪЉЅ76 рѕўрѕѕрѕЏрѕўрїЃрІјрЅй рІФрѕЅрЅх
­ЪЉЅріерЅ░рїѕрїБрїарѕў рЅаріЃрѕІ 17.6 рѕ┤.рѕюрЅхрѕГ рѕГрІЮрѕЏріћ рІФрѕѕрІЇ
­ЪЉЅрѕхрѕѕ рѕ«рігрЅх ріарѕ░рѕФрѕГ рїЇріЋрІЏрЅцріЋ рІерѕџрІФрїѕріЎрЅарЅх
­ЪЉЅрїѕрїБрїЦрѕўрІЇ рѕ▓рїерѕГрѕ▒ ріЦрІерЅ░рїФрІѕрЅ▒ ріарѕфрЇЇ рїірІюріЋ рІерѕџрІФрѕ│рѕЇрЇЅрЅарЅх
­ЪЉЅріарѕ░рѕФрѕЕріЋ рЅарІЮрѕГрІЮрѕГ рІерѕџрІФрѕ│рІГ рѕЏріЉрІІрѕЇ рІФрѕѕрІЇ
­ЪЉЅріеріаріЋрІх рїірІю рЅарѕІрІГ рІ░рїІрїЇрѕўрІЇ рІерѕџрѕ░рѕЕрЅарЅх
­ЪЉЅрІерѕюріФріњріФрѕЇ рѕЮрѕЁріЋрІхрѕхріЊ ріЦрІЇрЅђрЅхріЋ рІерѕџрІФрІ│рЅЦрѕГ
­ЪЉЅріарЅхріЕрѕ«рЅхріЋріЊ рЇЁріЊрЅхріЋ рІерѕџрѕѕрѕЏрѕўрІ▒рЅарЅх
­ЪЉЅрІерЇѕрїарѕФ ріГрѕЁрѕјрЅ│рЅИрІЇріЋ рІерѕџрїерѕЮрѕГ
­ЪЉЅрЅарѕФрѕх рѕўрЅ░рѕЏрѕўріЋріЋ рІерѕџрІФрІ│рЅЦрѕГ
­ЪЉЅрѕЮріЊрЅБрІі ріарЅЁрѕЮріЋріЊ┬а рІерѕџрІФрїјрѕѕрЅЦрЅх
­ЪЉЅрІўріЊ рѕѕрѕЏрѕѕрЅхріЊ рІерѕўрїеріЊріљрЅЁ рѕхрѕюрЅхріЋ рѕѕрѕўрЅђріљрѕх рІерѕџрѕерІ│
­ЪЉЅрІеріЦрїЁріЊ рІеріарІГріЋ рЅЁріЋрїЁрЅ│рЅИрІЇріЋ рІерѕџрІФрІ│рЅЦрѕГ

рІІрїІ 400

ріарІхрѕФрѕ╗рЇд
­ЪЊЇрїЅрѕГрІх рѕЙрѕІ рѕєрѕі рѕ▓рЅ▓ рѕ┤ріЋрЅ░рѕГ 3ріЏ рЇјрЅЁ
рІГрѕЮрїА рЅарѕўріљрѕ╗рІг рІерѕЇрїЁрІјріЋ рѕўріљрѕ╗ рІФрЅЁрѕЇрѕЅ!

рІГрІ░рІЇрѕЅ 0989939393 рІѕрІГрѕЮ 0930323334

Telegram > http://t.me/meneshayeofficial
Tiktok > http://tiktok.com/@meneshayeofficial
Facebook > http://facebook.com/@meneshayeofficial

#Buildingblock #Buildindtoys #virtualworldsforkids #Kidstoysonline #primaryschooltoys #Creativity┬а #quality #gift┬а┬а #entertain #toy #kid #store #educationaltoys #meneshaye
#meneshayestore",2024-02-17 06:09:40+00:00,../data/raw/photos\@meneshayeofficial_740.jpg
Fashion tera,@Fashiontera,3483,"Air Force 
Made in  Vietnam 
Size 36,37,38
Price 2100
(Free Delivery)
Inbox @Hiwe5266
рѕхрѕЇріГ +251945355266

    РЎд№ИЈ рЇІрѕйріЋ рЅ░рѕФ /Fashion TeraРЎд№ИЈ
          сђ░сђ░сђ░сђ░сђ░сђ░сђ░сђ░
ріарІхрѕФрѕ╗: ріарІ▓рѕх ріарЅарЅБ ,рїдрѕГ рѕђрІГрѕјрЅй рІхрѕфрѕЮ рЅ│рІѕрѕГ 2рЅ░ріЏ рЇјрЅЁ
рЅбрѕ« рЅЂрїЦрѕГ 205
сђ░сђ░сђ░сђ░сђ░",2023-08-08 13:40:55+00:00,../data/raw/photos\@Fashiontera_3483.jpg
рѕўріљрѕ╗рІг,@meneshayeofficial,711,"­Ъї╝­Ъї╝­Ъї╝рѕўріљрѕ╗рІг­Ъї╝­Ъї╝­Ъї╝

рІЏрѕгріЋ ріЦрІФрІЮріЊріЉ ріљрїѕріЋ рІерѕџрІФрЅЃріЉ рЅхрѕЮрѕЁрѕГрЅ│рІі рѕўрїФрІѕрЅ╗рІѕрЅй рІѕрІ░рѕџрїѕріЎрЅарЅх рѕхрЇЇрѕФ ріЦріЋрі│ріЋ рІ░рѕЁріЊ рѕўрїА!!
­ЪЉЅ рЅарІЋрІхрѕюріЊ рЅаріарІГріљрЅх рІерЅ░ріерЇІрЇѕрѕЅ 
­ЪЉЅ рѕхрѕѕрѕџрїѕрІЎрЅх рѕЮрѕГрЅх рЅарЅѓ рѕўрѕерїЃ рІерѕџрІФрїѕріЎрЅарЅх
­ЪЉЅ рЅаріарІГріљрЅ▒ рѕѕрІерЅх рІФрѕѕ
ріарІхрѕФрѕ╗
­ЪЊЇ рїЅрѕГрІх рѕЙрѕІ рѕєрѕі рѕ▓рЅ▓ рѕ┤ріЋрЅ░рѕГ 3ріЏ рЇјрЅЁ

рІГрІ░рІЇрѕЅ 0989939393 рІѕрІГрѕЮ 0930323334

Telegram > http://t.me/meneshayeofficial
Tiktok > http://tiktok.com/@meneshayeofficial
Facebook > http://facebook.com/@meneshayeofficial",2024-01-30 07:58:01+00:00,
Fashion tera,@Fashiontera,2848,"сђ░сђ░сђ░сђ░сђ░сђ░сђ░
Brand Socks 
Price 150
Inbox @Hiwe5266
рѕхрѕЇріГ +251945355266

    РЎд№ИЈ рЇІрѕйріЋ рЅ░рѕФ /Fashion TeraРЎд№ИЈ
          сђ░сђ░сђ░сђ░сђ░сђ░сђ░сђ░
ріарІхрѕФрѕ╗: ріарІ▓рѕх ріарЅарЅБ ,рїдрѕГ рѕђрІГрѕјрЅй рІхрѕфрѕЮ рЅ│рІѕрѕГ 2рЅ░ріЏ рЇјрЅЁ
рЅбрѕ« рЅЂрїЦрѕГ 205
сђ░сђ░сђ░сђ░сђ░",2022-03-31 14:25:48+00:00,../data/raw/photos\@Fashiontera_2848.jpg
рѕўріљрѕ╗рІг,@meneshayeofficial,236,"Jigsaw Puzzle - Forest Concert 

рІеріЦріЋрѕхрѕ│рЅ▒ріЋ рі«ріЋрѕ░рѕГрЅх рЅарЇљрІЮрѕЇ рѕѕрѕЇрїєрЅй!

­ЪЉЅ56 рѕўрѕѕрѕЏрѕўрїЃрІјрЅй рІФрѕЅрЅх
­ЪЉЅрѕЇрїєрЅй рІерЅ░рѕѕрІФрІЕ┬а ріЦріЋрѕхрѕ│рЅх рѕЮрѕхрѕЇ┬а рЅарЇљрІЮрѕЇ рІерѕџрѕ░рѕЕрЅарЅх!
­ЪЉЅрЅ░рїѕрїБрїЦрѕъ рѕ▓рІФрѕЇрЅЁ 51 рЅа 36 рѕ┤.рѕюрЅхрѕГ рѕхрЇІрЅх рІФрѕѕрІЇ
­ЪЉЅрѕѕрѕўрїѕрїБрїарѕЮ ріарѕўрЅ║ рѕєріќ рІерЅ░рІўрїІрїђ

­ЪЉЅрѕЮрѕГрїЦ рѕхрїдрЅ│ рѕўрѕєріЋ рІерѕџрЅйрѕЇ
­ЪЉЅріарЅхріЕрѕ«рЅхріЋріЊ рЇЁріЊрЅхріЋ рІерѕџрѕѕрѕЏрѕўрІ▒рЅарЅх
­ЪЉЅрЅарѕФрѕх рѕўрЅ░рѕЏрѕўріЋріЋ рІерѕџрІФрІ│рЅЦрѕГ
­ЪЉЅрѕЮріЊрЅБрІі ріарЅЁрѕЮріЋріЊ рЇѕрїарѕФріЋ рІерѕџрІФрїјрѕѕрЅЦрЅх
­ЪЉЅрІеріЦрїЁріЊ рІеріарІГріЋ рЅЁріЋрїЁрЅхріЋ рІерѕџрІФрІ│рЅЦрѕГ
­ЪЉЅрІўріЊ рѕѕрѕЏрѕѕрЅхріЊ рІерѕўрїеріЊріљрЅЁ рѕхрѕюрЅхріЋ рѕѕрѕўрЅђріљрѕх рІерѕџрѕерІ│

рІІрїІ 1150

рІГрІ░рІЇрѕЅ 0989939393 рІѕрІГрѕЮ 0930323334

Telegram > http://t.me/meneshayeofficial
Tiktok > http://tiktok.com/@meneshayeofficial
Facebook > http://facebook.com/@meneshayeofficial
ріарІхрѕФрѕ╗рЇд

­ЪЊЇ рїЅрѕГрІх рѕЙрѕІ рѕєрѕі рѕ▓рЅ▓ рѕ┤ріЋрЅ░рѕГ 3ріЏ рЇјрЅЁ
рІерѕЇрїЁрІјріЋ рѕўріљрѕ╗ рІФрЅЁрѕЇрѕЅ!

#puzzle #jigsaw #gift #confidence #concentration #creativity #imagination┬а #entertain #toy #kid #store #educationaltoys #meneshayestore #meneshaye",2023-07-16 13:56:03+00:00,../data/raw/photos\@meneshayeofficial_236.jpg
рѕўріљрѕ╗рІг,@meneshayeofficial,159,"Tack Zap - Robot

ріЦрѕхріф рѕЇрїєрЅйрІј рІерѕ«рЅдрЅх рІ▓рІЏрІГріќрЅйріЋ рІГрѕхрѕЕ!

­ЪЉЅ45 рѕўрѕѕрѕЏрѕўрїЃрІјрЅй рІФрѕЅрЅх
­ЪЉЅ10 рІерЅ░рѕѕрІФрІЕ рІерѕ«рЅдрЅх рІ▓рІЏрІГріЋ рѕЮрѕхрѕјрЅйріЋ рІФріФрЅ░рЅ░
­ЪЉЅрѕѕрѕЇрїєрЅй рЅ│рѕхрЅд рІерЅ░рІўрїІрїђ ріаріљрѕхрЅ░ріЏ рѕўрѕхрѕфрІФ рѕўрІХрѕ╗ріЋ рІФріФрЅ░рЅ░
­ЪЉЅрѕЇрїєрЅй рІерЅ░рѕѕрІФрІЕ рІерѕ«рЅдрЅх рІ▓рІЏрІГріќрЅйріЋ рЅарѕўрѕхрѕФрЅх ріарѕхрІ░рѕ│рЅй рїірІюріЋ рІерѕџрІФрѕ│рѕЇрЇЅрЅарЅх

­ЪЉЅрІерѕЇрїєрЅйріЋ рѕЮріЊрЅБрІі ріарЅЁрѕЮріЊ рІерЇѕрїарѕФ рЅйрѕјрЅ│ рІерѕџрІФрѕ│рІхрїЇ
­ЪЉЅрІерѕЏрѕ░рѕІрѕ░рѕЇ ріарЅЁрѕЏрЅИрІЇріЋ рІерѕџрІФрІ│рЅЦрѕГ
­ЪЉЅрІеріЦрїЁріЊ рІеріарІГріЋ рЅЁріЋрїЁрЅ│рЅИрІЇріЋ рІерѕџрІФрїјрѕѕрЅЦрЅх
­ЪЉЅрѕЇрїєрЅй рІерѕџрїѕрїБрїарѕЎ рЅаріЦрїєрЅ╗рЅИрІЇ рІерѕўрѕхрѕФрЅх рЅйрѕјрЅ│рЅИрІЇріЋ рІерѕџрІФрѕ│рІхрїЇ
­ЪЉЅрІерѕЇрїєрЅйріЋ рІ░рѕЁріЋріљрЅх рЅ│рѕ│рЅб рЅ░рІ░рѕГрїј рІерЅ░рѕ░рѕФ

рІІрїІрІЇ 1800

рІГрІ░рІЇрѕЅ 0989939393 рІѕрІГрѕЮ 0930323334

Telegram > http://t.me/meneshayeofficial
Tiktok > http://tiktok.com/@meneshayeofficial
Facebook > http://facebook.com/@meneshayeofficial
ріарІхрѕФрѕ╗рЇд
­ЪЊЇ рїЅрѕГрІх рѕЙрѕІ рѕєрѕі рѕ▓рЅ▓ рѕ┤ріЋрЅ░рѕГ 3ріЏ рЇјрЅЁ
рІерѕЇрїЁрІјріЋ рѕўріљрѕ╗ рІФрЅЁрѕЇрѕЅ!
#tackzap
#robot #play #toy #kid #store┬а#quality #Safty #criticalthinking #educationaltoys #meneshaye",2023-07-11 13:12:51+00:00,../data/raw/photos\@meneshayeofficial_159.jpg
NEVA COMPUTER┬«,@nevacomputer,8041,"­Ъћц­Ъћц­Ъћц­ЪЁ░№ИЈ
­Ъћц­Ъћц­Ъћц­Ъћц­Ъћц­Ъћц­Ъћц­Ъћц

#BUSINESS LAPTOP Рюћ№ИЈ
#student offer 
#europa standard ­ЪЌ»№ИЈ
­ЪЁЉ№Иј­ЪЁА№Иј­ЪЁљ№Иј­ЪЁЮ№Иј­ЪЁЊ№Иј : HP ENVY X360
Рюе­ЪЁЊ№Иј­ЪЁў№Иј­ЪЁб№Иј­ЪЁЪ№Иј­ЪЁЏ№Иј­ЪЁљ№Иј­ЪЁе№Иј: 15.6 TOUCH 
Рюе­ЪЁњ№Иј­ЪЁЪ№Иј­ЪЁц№Иј: CORE I5 8th gen 
Рюе­ЪЁА№Иј­ЪЁљ№Иј­ЪЁю№Иј:20GB ­ЮЌЌ­ЮЌЌ­ЮЌЦ4 
Рюе­ЪЁб№Иј­ЪЁБ№Иј­ЪЁъ№Иј­ЪЁА№Иј­ЪЁљ№Иј­ЪЁќ№Иј: 512GB SSD
Рюе­ЪЁќ№Иј­ЪЁА№Иј­ЪЁљ№Иј­ЪЁЪ№Иј­ЪЁЌ№Иј­ЪЁў№Иј­ЪЁњ№Иј­ЪЁб№Иј: 4GB NIVIDIA Geforce MX 150 GRAPHICS  
Рюе­ЪЁъ№Иј­ЪЁб№Иј:­Юўё­ЮЌХ­ЮЌ╗­ЮЌ▒­ЮЌ╝­Юўё­Юўђ 11 pro 22H2 
Рюе­ЪЁЉ№Иј­ЪЁљ№Иј­ЪЁБ№Иј­ЪЁБ№Иј­ЪЁћ№Иј­ЪЁА№Иј­ЪЁе№Иј: 5hr 
Рюе­ЪЁб№Иј­ЪЁБ№Иј­ЪЁљ№Иј­ЪЁБ№Иј­ЪЁц№Иј­ЪЁб№Иј: BRAND NEW  
Price  65000ETB 
­ЪЊЕ@rasneva рѕѕріарїГрѕГ рѕўрѕЇріЦріГрЅх
 рІГрІ░рІЅрѕЅ Рўј№ИЈ
+251912759900
+251920153333

­ЪЈб ріарІхрѕФрѕ╗: - рѕўрїѕріЊріЏ рѕЏрѕФрЅХріЋ рІе рїѕрЅарІФ рѕЏріЦріерѕЇ рЅа рІІріЊрІЇ рѕўрїЇрЅбрІФ рѕўрѕгрЅх рѕІрІГ
рІѕрІГріЋрѕЮ рїЇрѕФрІЇріЋрІх рЇЇрѕјрѕГ рЅЦрЅЁ рІГрЅарѕЅ
 ­ЪЉЅріљрЅФ рі«рѕЮрЇњрІЇрЅ░рѕГ­ЪЉѕ рѕўрѕєріЉріЋ рІФрѕерїІрїЇрїА

рІхрѕЁрѕе рїѕрї╗рЅйріЋріЋ рІГрїјрЅЦріЎ
www.nevacomputer.com

рЅ┤рѕїрїЇрѕФрѕЮ рЅ╗ріЊрѕІрЅйріЋріЋ рІГрЅђрѕІрЅђрѕЅ

https://t.me/nevacomputer

     ­Ъћа­Ъћа­Ъћа­ЪЁ░№ИЈ ­Ъћа­Ъћа­Ъћа­Ъћа­Ъћа­Ъћа­Ъћа­Ъћа",2023-11-10 19:13:30+00:00,../data/raw/photos\@nevacomputer_8041.jpg
рѕўріљрѕ╗рІг,@meneshayeofficial,771,"рѕўріљрѕ╗рІг рЅ│рЅЦрѕїрЅх рїЦрЅЁрѕЇ

рЅхрѕЮрѕЁрѕГрЅх ріЦріЊ рїФрІѕрЅ│ рЅаріаріЋрІх рїѕрЅарЅ│

­ЪЉЅрІѕрѕІрїєрЅй рІерѕЇрїєрЅ╗рЅИрІЇріЋ рІерЅ│рЅЦрѕїрЅх ріарїарЅЃрЅђрѕЮ рѕўрЅєрїБрїарѕГ рІерѕџрІФрѕхрЅйрѕІрЅИрІЇ рѕХрЇЇрЅхрІїрѕГ ріеріљріарїарЅЃрЅђрѕЮ рѕўрѕўрѕфрІФ рїІрѕГ рІФрѕѕрІЇ 
­ЪЉЅ рІўрѕўріЋріЏрІЇ ріаріЋрІхрѕ«рІГрІх 12 рѕ▓рѕхрЅ░рѕЮріЋ рІерѕџрїарЅђрѕЮ
­ЪЉЅ10.1 рібріЋрЅй рѕхрЇІрЅх рІФрѕѕрІЇ рїаріЋріФрѕФ рѕхріГрѕфріЋ
­ЪЉЅ64GB ROM┬а ріЦріЊ┬а 4GB┬а RAM рІерѕєріљ
­ЪЉЅ6000mah рЇѕрїБріЋ рЅ╗рѕГрїђрѕГ ріЦріЊ рѕЮрѕГрїЦ ріцрѕГрЇјріЋріЋ ріаріФрЅХ рІерІФрІў

­ЪЉЅ72 рІерѕўрѕѕрѕЏрѕўрїЃріЊ рІерїерІІрЅ│ ріФрѕГрІХрЅйріЋ ріЦріЊ 2 рѕўрЇЃрЇірІФрІјрЅйріЋ рІФріФрЅ░рЅ░
­ЪЉЅ рЅарѕЂрѕѕрЅ▒рѕЮ рЅаріЕрѕЇ рѕўрЇЃрЇЇ рІерѕџрІФрѕхрЅйрѕЇ рІерЇЁрѕЂрЇЇ рѕўрѕѕрѕЏрѕўрїЃ рЅдрѕГрІх ріЦріЊ 5 рѕўрЇЃрЇірІФ рЅђрѕѕрѕърЅй рІФрѕѕрІЇ 
­ЪЉЅ 2 рІерѕўрїФрІѕрЅ╗ рїєрІГрѕхрЅ▓рі«рЅй рІФрѕѕрІЇ
­ЪЉЅріарѕхрІ░ріЊрЅѓ рІерѕЮрѕхрѕЇ рїЦрѕФрЅхріЊ ріЕрѕЇрѕЇ рІФрѕѕ рІхрѕЮрЇЁ рІФрѕѕрІЇ
­ЪЉЅрІЇрЅЦріЊ рїаріЋріФрѕФ рѕйрЇІріЋ рѕхрѕІрѕѕрІЇ рѕѕріарІГріЋ рѕЏрѕФріф рІ░рѕЁріЋріљрЅ▒рѕЮ ріарѕхрЅ░рѕЏрѕЏріЮ
­ЪЉЅрѕйрЇІріЉріЋ ріерЇѕрѕѕрїЅ рІерѕџрІФрІѕрїАрЅх
­ЪЉЅрѕЇрїєрЅй ріерЅдрЅ│ рЅдрЅ│ рѕ▓рІФріЋрЅђрѕ│рЅЁрѕ▒рЅх ріЦріЋрІ▓рѕўрЅй рѕЏріЋрїарѕЇрїарІФ рІФрѕѕрІЇ


┬а┬а ріарІхрѕФрѕ╗ рЇд
1 .рїЅрѕГрІх рѕЙрѕІ рѕєрѕі рѕ▓рЅ▓ рѕ┤ріЋрЅ░рѕГ 3ріЏ рЇјрЅЁ
2 . рЇњрІФрѕ│ ріФріЋрЅхрѕф рЅ│рІѕрѕГ 2ріЏ рЇјрЅЁрЇц
3 . рїђрѕъ рІ░рѕіріЊ рѕЁріЋрЇЃ рѕЮрІхрѕГ рѕІрІГ
(ріерідрѕЇрѕЏрѕГрЅх рїјріЋ)
4 . рїѕрѕГрїѓ рѕўрЅЦрѕФрЅх рѕЃрІГрѕЇ
┬а┬а┬а┬а┬а рЇІрІЇріЋрЅ┤ріЋ рѕЁріЋрЇЃ 1ріЏ рЇјрЅЁ

рІГрІ░рІЇрѕЅ 0989939393 рІѕрІГрѕЮ 0930323334
Telegram > http://t.me/meneshayeofficial
Tiktok > http://tiktok.com/@meneshayeofficial
Facebook > http://facebook.com/@meneshayeofficial

#Tablet #Meneshaye_Tablet #kids_tablet #uniqe_tablet #latest_version_kids_tablet #iwawa #portableblender aternal_control┬а #kids_store #shewit #educationaltoys #meneshaye #meneshayestore",2024-04-01 06:27:17+00:00,../data/raw/photos\@meneshayeofficial_771.jpg
рѕЇрІЕ ріЦрЅЃ,@Leyueqa,6759,"­ЪњЦРюћ№ИЈРюћ№ИЈРюћ№ИЈ 4 set seasoning bottles 

­ЪЉЇ2 рЇЇрѕг рІерІўрІГрЅх ріЦріЊ ріарЅ╝рЅХ рѕўрЅђріљрѕ╗
­ЪЉЇ2 рЇЇрѕг рІерЅЁрѕўрѕЮ рѕўрЅђріљрѕ╗ ріЦріЊ рІерѕФрѕ▒ рѕўріљрѕхріљрѕ╗ рІФрѕѕрІЇ
­ЪЉЇрІерѕФрѕ▒ рІерѕєріљ рѕЏрѕхрЅђрѕўрїФ рІФрѕѕрІЇ
­ЪЉЇрѕѕрѕФрѕхрІјрЇБрѕѕрІѕрІ│рїЁ рІўрѕўрІхрІј рІерѕџрІФрЅарѕеріГрЅ▒рЅх ріарѕхрЅ░рѕЏрѕЏріЮ ріЦрЅЃ

рІІрїІрЇд┬а ­Ъњ▓┬а 1600 +100 рЅЦрѕГ  рІ▓рѕірЅерѕф

#ріГрЇЇрІФрІјріЋ_рЅарѕърЅБрІГрѕЇ_рЅБріЋріфріЋрїЇ_рѕўрЇѕрЇђрѕЮрѕЮ_рІГрЅйрѕІрѕЅ рЅарЅ░рїерѕЏрѕф #ріе_1000_рЅЦрѕГ рЅарѕІрІГ рІерѕєріЉ #рѕЂрѕѕрЅх_рІЋрЅЃрІјрЅй рѕ▓рїѕрІЎ рѕхрїдрЅ│ ріЦріЋрѕЇріГрѕѕрІјрЅ│рѕѕріЋ 
­ЪјЂ T.me/Leyueqa ­ЪЉѕрЅ╗ріЊрѕІрЅйріЋріЋ рѕѕрїЊрІ░ріЏрІј рѕИрѕГ рѕЏрІхрѕерїЇрІјріЋ ріарІГрѕГрѕ▒ 

┬а┬а┬а┬а┬а┬а┬а┬а┬а┬а┬а 0933334444 @Leyustore
┬а┬а┬а┬а┬а┬а┬а┬а┬а┬а┬а 0944109295 @Lemaze_z
┬а┬а┬а┬а┬а┬а┬а┬а┬а┬а┬а 0946242424 @Le_Mazez",2025-02-22 08:14:02+00:00,
Zemen Express┬«,@ZemenExpress,6484,"­ЪњЦ­ЪњЦ...................................­ЪњЦ­ЪњЦ

­ЪЊїMAGIC FLAT MOP AND BUCKET SYSTEM

­ЪЉЇProfessional Dust Scraping Mops
­ЪЉЇFloor Cleaner and Bucket Kit for Kitchen Hard Floor
­ЪЉЇReplacement Mop Heads
­ЪЉЇEasy Self Wringing Dry Wet Mop

­ЪЊЮ­ЪЊЮ­ЪЊЮ­ЪЊЮ­ЪЊЮ­ЪЊЮ­ЪЊЮ­ЪЊЮ­ЪЊЮ­ЪЊЮ

­ЪЉЇрЅ░рЅђрІФрѕф рїерѕГрЅЁ рІФрѕѕрІЇ
­ЪЉЇ360┬░ рІерѕџрѕйріерѕеріерѕГ 
­ЪЉЇрѕѕріарїарЅЃрЅђрѕЮ рЅарїБрѕЮ рЅђрѕІрѕЇ 
­ЪЉЇрѕЏрІхрѕерЅѓрІФрІЇ ріЦріЊ рІЇрѕђ рѕўрІФрІБрІЇ рѕѕрІерЅЦрЅ╗ рІерѕєріљ
­ЪЉЇрІерѕФрѕ▒ рІЇрѕђ рѕЏрЇЇрѕ░рѕ╗ рІФрѕѕрІЇ 

Рџа№ИЈ рЅарѕЂрѕѕрЅх рІерѕ│рІГрІЮ ріарѕЏрѕФрїГ

рІІрїІрЇд┬а ­Ъњ▓­ЪЈи┬а рЅхрѕЇрЅЂ 3200рЅЦрѕГ
┬а┬а┬а┬а┬а┬а┬а┬а┬а┬а┬а┬а┬а┬а┬а┬а┬а┬а┬а┬а┬а рЅхріЋрѕ╣ 2600рЅЦрѕГ 

РЎд№ИЈрІЇрѕхріЋ рЇЇрѕг ріљрІЇ рІФрѕѕрІЇ ­ЪћЦ­ЪћЦ­ЪћЦ

­ЪЊЇРЎд№ИЈ#рѕўрїѕріЊріЏ_рѕўрѕ░рѕерЅх_рІ░рЇІрѕГ_рѕърѕЇ_рѕЂрѕѕрЅ░ріЏ_рЇјрЅЁ рЅбрѕ« рЅЂ. S05/S06


┬а┬а┬а┬а ­ЪњД­ЪњД­ЪњД­ЪњД


┬а┬а┬а ­ЪЊ▓ 0902660722
┬а┬а┬а ­ЪЊ▓ 0928460606 

­Ъћќ
­ЪњгрЅаTelegram рѕѕрѕЏрІўрІЮ Рцх№ИЈ рІГрїарЅђрѕЎ­Ъћй

@zemencallcenter 

@zemenexpressadmin

рѕѕрЅ░рїерѕЏрѕф рѕЏрЅЦрѕФрѕфрІФ рІерЅ┤рѕїрїЇрѕФрѕЮ рїѕрЇЃрЅйріЋРцх№ИЈ
https://telegram.me/zemenexpress

­ЪњЦ­ЪњЦ...................................­ЪњЦ­ЪњЦ",2025-04-08 09:55:01+00:00,../data/raw/photos\@ZemenExpress_6484.jpg
Zemen Express┬«,@ZemenExpress,6501,"­ЪњЦ­ЪњЦ..........................­ЪњЦ­ЪњЦ
┬а┬а┬а┬а┬а┬а┬а┬а┬а┬а┬а┬а┬а┬а┬а рѕўрѕЇріФрѕЮ рЅаріарѕЇ
┬а┬а┬а┬а┬а┬а┬а┬а┬а┬а┬а┬а┬а┬а┬а┬а┬а┬а┬а┬а┬а┬а┬а 

­Ъј»Queen Luxury style #kitchen_expert

РЮЌ№ИЈРџа№ИЈ #рѕхрїІ #рїерїЊрѕФ #рѕйріЋріЕрѕГрЅх #рЅарѕ░ріеріЋрІХрЅй рІхрЅЁрЅЁ рІерѕџрІФрІ░рѕГрїЇ 

­ЪЉЇ6L capacity ( 6№ИЈРЃБ­Ъћц)

­ЪЉЇthree(3) speed electric meat grinder 
­ЪЉЇPower rating 1800W
­ЪЉЇDetachable parts for easy cleaning
­ЪЉЇMachine cup separation for convenient use
­ЪЉЇDouble cover design. After you finish stirring, cover immediately

рІІрїІрЇд┬а ­Ъњ▓­ЪЈи┬а 4700 рЅЦрѕГ РюЁ

РЎд№ИЈрІЇрѕхріЋ рЇЇрѕг ріљрІЇ рІФрѕѕрІЇ ­ЪћЦ­ЪћЦ­ЪћЦ

­ЪЈб ріарІхрѕФрѕ╗­ЪЉЅ

­ЪЊЇРЎд№ИЈ#рѕўрїѕріЊріЏ_рѕўрѕ░рѕерЅх_рІ░рЇІрѕГ_рѕърѕЇ_рѕЂрѕѕрЅ░ріЏ_рЇјрЅЁ рЅбрѕ« рЅЂ. S05/S06


┬а┬а┬а┬а ­ЪњД­ЪњД­ЪњД­ЪњД


┬а┬а┬а ­ЪЊ▓ 0902660722
┬а┬а┬а ­ЪЊ▓ 0928460606 

­Ъћќ
­ЪњгрЅаTelegram рѕѕрѕЏрІўрІЮ Рцх№ИЈ рІГрїарЅђрѕЎ­Ъћй

@zemencallcenter 

@zemenexpressadmin

рѕѕрЅ░рїерѕЏрѕф рѕЏрЅЦрѕФрѕфрІФ рІерЅ┤рѕїрїЇрѕФрѕЮ рїѕрЇЃрЅйріЋРцх№ИЈ
https://telegram.me/zemenexpress

­ЪњЦ­ЪњЦ...................................­ЪњЦ­ЪњЦ",2025-04-16 04:34:23+00:00,../data/raw/photos\@ZemenExpress_6501.jpg
рѕўріљрѕ╗рІг,@meneshayeofficial,550,"Frozen fever

рІЇрЅДріЋ рЇЇрѕ«рІЮріЋ рѕѕрѕЇрїєрЅйрІј!

­ЪЉЅ360 рІ▓рїЇрѕф рІерѕЮрЅхрѕйріерѕеріерѕГ 
ріарІЮріЊріЮ рѕЎрІџрЅЃ рІФрѕІрЅх
­ЪЉЅрЅарѕЁрЅЦрѕерЅђрѕѕрѕЏрЅх рІФрѕИрЅарѕерЅђ рѕЏрѕФріф рѕўрЅЦрѕФрЅх рІФрѕІрЅх
­ЪЉЅрІерѕЇрїєрЅйріЋ рІерЅ░рїЇрЅБрЅдрЅх ріГрѕЁрѕјрЅх рІерѕџрїерѕЮрѕГ
­ЪЉЅрѕ│рІГрѕ░рѕІрЅ╣ рѕѕрѕерІЦрѕЮ рїірІю рІерѕџрїФрІѕрЅ▒рЅарЅх
­ЪЉЅрѕЇрїєрЅй ріЋрЅЂріЊ рЅђрѕЇрїБрЇІ ріЦрІ▓рѕєріЉ рІерѕџрІФрїЇрІЮ
­ЪЉЅрІерѕЇрїєрЅйріЋ рІерѕхрѕюрЅх рѕЁрІІрѕ│рЅх рІерѕџрІФріљрЅЃрЅЃ
­ЪЉЅрѕѕрЅхріЋріЋрѕй рѕЇрїєрЅйрІј рѕЮрѕГрїЦ рѕхрїдрЅ│ рѕўрѕєріЋ рІерѕџрЅйрѕЇ
­ЪЉЅрїаріЊріФрѕФріЊ рЅарїЦрѕФрЅх рІерЅ░рѕўрѕерЅ░

рІІрїІ 1800

ріарІхрѕФрѕ╗рЇд
­ЪЊЇрїЅрѕГрІх рѕЙрѕІ рѕєрѕі рѕ▓рЅ▓ рѕ┤ріЋрЅ░рѕГ 3ріЏ рЇјрЅЁ
рІГрѕЮрїА рЅарѕўріљрѕ╗рІг рІерѕЇрїЁрІјріЋ рѕўріљрѕ╗ рІФрЅЁрѕЇрѕЅ!

рІГрІ░рІЇрѕЅ 0989939393 рІѕрІГрѕЮ 0930323334

Telegram > http://t.me/meneshayeofficial
Tiktok > http://tiktok.com/@meneshayeofficial
Facebook > http://facebook.com/@meneshayeofficial

#robots #dancingrobot
#brand #рѕЇрїєрЅй #рІхріЋрЅЁрѕЇрїєрЅй #Deycare #babytoy #addisabeba #ethiopia #tiktokers #toy #kidstore┬а #store #educationaltoys #meneshaye
#meneshayestore",2023-08-17 12:52:48+00:00,../data/raw/photos\@meneshayeofficial_550.jpg
NEVA COMPUTER┬«,@nevacomputer,7977,"­Ъћц­Ъћц­Ъћц­ЪЁ░№ИЈ
­Ъћц­Ъћц­Ъћц­Ъћц­Ъћц­Ъћц­Ъћц­Ъћц

#GAMING LAPTOP  Рюћ№ИЈ
#student offer 
#europa standard ­ЪЌ»№ИЈ
­ЪЁЉ№Иј­ЪЁА№Иј­ЪЁљ№Иј­ЪЁЮ№Иј­ЪЁЊ№Иј : LENOVO 
Рюе­ЪЁЊ№Иј­ЪЁў№Иј­ЪЁб№Иј­ЪЁЪ№Иј­ЪЁЏ№Иј­ЪЁљ№Иј­ЪЁе№Иј: 15.6 inch 1080 FULL HD 
Рюе­ЪЁњ№Иј­ЪЁЪ№Иј­ЪЁц№Иј: CORE I7 11TH GEN 
Рюе­ЪЁА№Иј­ЪЁљ№Иј­ЪЁю№Иј:16GB ­ЮЌЌ­ЮЌЌ­ЮЌЦ4 
Рюе­ЪЁб№Иј­ЪЁБ№Иј­ЪЁъ№Иј­ЪЁА№Иј­ЪЁљ№Иј­ЪЁќ№Иј: 512GB SSD
Рюе­ЪЁќ№Иј­ЪЁА№Иј­ЪЁљ№Иј­ЪЁЪ№Иј­ЪЁЌ№Иј­ЪЁў№Иј­ЪЁњ№Иј­ЪЁб№Иј: IRIS XE GRAPHICS PLUS 2GB NIVIDIA MX GRAPHICS 
Рюе­ЪЁъ№Иј­ЪЁб№Иј:­Юўё­ЮЌХ­ЮЌ╗­ЮЌ▒­ЮЌ╝­Юўё­Юўђ 11 pro 22H2 
Рюе­ЪЁЉ№Иј­ЪЁљ№Иј­ЪЁБ№Иј­ЪЁБ№Иј­ЪЁћ№Иј­ЪЁА№Иј­ЪЁе№Иј: 6hr plus 
Рюе­ЪЁб№Иј­ЪЁБ№Иј­ЪЁљ№Иј­ЪЁБ№Иј­ЪЁц№Иј­ЪЁб№Иј: A+  
Price 
­ЪЊЕ@rasneva рѕѕріарїГрѕГ рѕўрѕЇріЦріГрЅх
 рІГрІ░рІЅрѕЅ Рўј№ИЈ
+251912759900
+251920153333

­ЪЈб ріарІхрѕФрѕ╗: - рѕўрїѕріЊріЏ рѕЏрѕФрЅХріЋ рІе рїѕрЅарІФ рѕЏріЦріерѕЇ рЅа рІІріЊрІЇ рѕўрїЇрЅбрІФ рѕўрѕгрЅх рѕІрІГ
рІѕрІГріЋрѕЮ рїЇрѕФрІЇріЋрІх рЇЇрѕјрѕГ рЅЦрЅЁ рІГрЅарѕЅ
 ­ЪЉЅріљрЅФ рі«рѕЮрЇњрІЇрЅ░рѕГ­ЪЉѕ рѕўрѕєріЉріЋ рІФрѕерїІрїЇрїА

рІхрѕЁрѕе рїѕрї╗рЅйріЋріЋ рІГрїјрЅЦріЎ
www.nevacomputer.com

рЅ┤рѕїрїЇрѕФрѕЮ рЅ╗ріЊрѕІрЅйріЋріЋ рІГрЅђрѕІрЅђрѕЅ

https://t.me/nevacomputer

     ­Ъћа­Ъћа­Ъћа­ЪЁ░№ИЈ ­Ъћа­Ъћа­Ъћа­Ъћа­Ъћа­Ъћа­Ъћа­Ъћа",2023-10-11 16:40:07+00:00,../data/raw/photos\@nevacomputer_7977.jpg
рѕўріљрѕ╗рІг,@meneshayeofficial,283,"Magnetic Tiles - Starshine 

рІЇрЅЦ рІ▓рІЏрІГріќрЅй рЅарЅБрѕѕ рѕЏрїЇріћрЅх рЅЦрѕјрі«рЅй!

­ЪЉЅ60 рѕўрѕѕрѕЏрѕўрїЃрІјрЅй рІФрѕЅрЅх
­ЪЉЅрІерЅ░рѕѕрІФрІЕ 3D рѕърІ┤рѕјрЅйріЋ рѕўрѕхрѕФрЅх рІерѕџрЅйрѕЅрЅарЅх
­ЪЉЅрІерѕџрІФрІФрІЎрЅх рЅарѕЏрїЇріћрЅх рЅарѕўрѕєріЉ рѕѕрѕўрїѕрїБрїарѕЮріЊ рѕѕрѕўрѕхрѕФрЅх рЅђрѕІрѕЇ
­ЪЉЅрІерЅ░рѕѕрІФрІЕ рІ▓рІЏрІГріќрЅйріЋ рІерѕџрІФрѕ│рІГ рѕЏріЉрІІрѕЇ рІФрѕѕрІЇ
­ЪЉЅрЅђрѕѕрѕЏрЅхріЊ рЅЁрѕГрЇєрЅйрЅйріЋ рѕўрѕѕрІерЅх рІерѕџрЅйрѕЅрЅарЅх
­ЪЉЅрѕЮрѕГрїЦ рѕхрїдрЅ│ рѕўрѕєріЋ рІерѕџрЅйрѕЇ
­ЪЉЅріарЅхріЕрѕ«рЅхріЋріЊ рЇЁріЊрЅхріЋ рІерѕџрѕѕрѕЏрѕўрІ▒рЅарЅх
­ЪЉЅрЅарѕФрѕх рѕўрЅ░рѕЏрѕўріЋріЋ рІерѕџрІФрІ│рЅЦрѕГ
­ЪЉЅрѕЮріЊрЅБрІі ріарЅЁрѕЮріЋріЊ рЇѕрїарѕФріЋ рІерѕџрІФрїјрѕѕрЅЦрЅх
­ЪЉЅрІўріЊ рѕѕрѕЏрѕѕрЅхріЊ рІерѕўрїеріЊріљрЅЁ рѕхрѕюрЅхріЋ рѕѕрѕўрЅђріљрѕх рІерѕџрѕерІ│
рІеріЦрїЁріЊ рІеріарІГріЋ рЅЁріЋрїЁрЅхріЋ рІерѕџрІФрІ│рЅЦрѕГ

рІІрїІ 3300

ріарІхрѕФрѕ╗рЇд
­ЪЊЇрїЅрѕГрІх рѕЙрѕІ рѕєрѕі рѕ▓рЅ▓ рѕ┤ріЋрЅ░рѕГ 3ріЏ рЇјрЅЁ
рІГрѕЮрїА рЅарѕўріљрѕ╗рІг рІерѕЇрїЁрІјріЋ рѕўріљрѕ╗ рІФрЅЁрѕЇрѕЅ!

рІГрІ░рІЇрѕЅ 0989939393 рІѕрІГрѕЮ 0930323334

Telegram > http://t.me/meneshayeofficial
Tiktok > http://tiktok.com/@meneshayeofficial
Facebook > http://facebook.com/@meneshayeofficial

#magnetic #3D #creativity #imagination #concentration #gift┬а┬а #entertain #toy #kid #store #educationaltoys #meneshaye
#meneshayestore",2023-07-20 13:21:57+00:00,../data/raw/photos\@meneshayeofficial_283.jpg
рѕЇрІЕ ріЦрЅЃ,@Leyueqa,6636,"­Ъћа­Ъћа­Ъћа­Ъћа­Ъћа­Ъћа­Ъћа­Ъћа­Ъћаflame lessCandles

­ЪЊѕRealistic Flameless Flicker
­ЪЊѕSafe & No Flame 
­ЪЊѕBattery-Powered
­ЪЊѕRelax & Enjoy Light Show


┬а┬а┬а┬а┬а рІІрїІ 6pcs 900рЅЦрѕГРюћ№ИЈ
            12 pcs 1300Рюћ№ИЈ 
             24 pcs 2000Рюћ№ИЈ

­Ъџ┤­ЪЏх рІФрѕЅрЅарЅх рІхрѕерѕх┬а рЅаріљрЇЃ ріЦріЊрІ░рѕГрѕ│рѕѕріЋрЇб

рЅарЅ░рїерѕЏрѕф #ріе_1000_рЅЦрѕГ рЅарѕІрІГ рІерѕєріЉ
#рѕЂрѕѕрЅх_рІЋрЅЃрІјрЅй рЅаріаріЋрІхрІ▓рѕірЅерѕф рїЇрІю┬а рѕ▓рІФрІЎ рѕхрїдрЅ│ ріЦріЋрѕЇріГрѕѕрІјрЅ│рѕѕріЋ 
­ЪјЂ T.me/Leyueqa ­ЪЉѕрЅ╗ріЊрѕІрЅйріЋріЋ рѕѕрїЊрІ░ріЏрІј рѕИрѕГ рѕЏрІхрѕерїЇрІјріЋ ріарІГрѕГрѕ▒ 
┬а┬а┬а┬а┬а┬а┬а┬а┬а┬а┬а 0933334444 @LeMazez_z
┬а┬а┬а┬а┬а┬а┬а┬а┬а┬а┬а 0946242424 @Le_Mazez
┬а┬а┬а┬а┬а┬а┬а┬а┬а┬а┬а 0944109295 @Lemaze_z",2025-01-30 06:31:01+00:00,../data/raw/photos\@Leyueqa_6636.jpg
рѕўріљрѕ╗рІг,@meneshayeofficial,790,"рЅарЅБрѕѕ рїєрІГрѕхрЅ▓ріЕ рѕўріљрѕ╗рІг рЅ│рЅЦрѕїрЅх ріЦрІерЅ░рїФрІѕрЅ▒
рѕЇрїєрЅй рЅаріГрѕерѕЮрЅ▒ рІГрІ░рѕ░рЅ▒!!

#рѕўріљрѕ╗рІг_рЅ│рЅЦрѕїрЅх_рїЦрЅЁрѕЇ 

­ЪЉЅрІѕрѕІрїєрЅй рІерѕЇрїєрЅ╗рЅИрІЇріЋ рІерЅ│рЅЦрѕїрЅх ріарїарЅЃрЅђрѕЮ рѕўрЅєрїБрїарѕГ рІерѕџрІФрѕхрЅйрѕІрЅИрІЇ рѕХрЇЇрЅхрІїрѕГ ріеріљріарїарЅЃрЅђрѕЮ рѕўрѕўрѕфрІФ рїІрѕГ рІФрѕѕрІЇ 
­ЪЉЅ рІўрѕўріЋріЏрІЇ ріаріЋрІхрѕ«рІГрІх 12 рѕ▓рѕхрЅ░рѕЮріЋ рІерѕџрїарЅђрѕЮ
­ЪЉЅ10.1 рібріЋрЅй рѕхрЇІрЅх рІФрѕѕрІЇ рїаріЋріФрѕФ рѕхріГрѕфріЋ
­ЪЉЅ64GB ROM┬а ріЦріЊ┬а 4GB┬а RAM рІерѕєріљ
­ЪЉЅ6000mah рЇѕрїБріЋ рЅ╗рѕГрїђрѕГ ріЦріЊ рѕЮрѕГрїЦ ріцрѕГрЇјріЋріЋ ріаріФрЅХ рІерІФрІў

­ЪЉЅ72 рІерѕўрѕѕрѕЏрѕўрїЃріЊ рІерїерІІрЅ│ ріФрѕГрІХрЅйріЋ ріЦріЊ 2 рѕўрЇЃрЇірІФрІјрЅйріЋ рІФріФрЅ░рЅ░
­ЪЉЅ рЅарѕЂрѕѕрЅ▒рѕЮ рЅаріЕрѕЇ рѕўрЇЃрЇЇ рІерѕџрІФрѕхрЅйрѕЇ рІерЇЁрѕЂрЇЇ рѕўрѕѕрѕЏрѕўрїЃ рЅдрѕГрІх ріЦріЊ 5 рѕўрЇЃрЇірІФ рЅђрѕѕрѕърЅй рІФрѕѕрІЇ 
­ЪЉЅ 2 рІерѕўрїФрІѕрЅ╗ рїєрІГрѕхрЅ▓рі«рЅй рІФрѕѕрІЇ
­ЪЉЅріарѕхрІ░ріЊрЅѓ рІерѕЮрѕхрѕЇ рїЦрѕФрЅхріЊ ріЕрѕЇрѕЇ рІФрѕѕ рІхрѕЮрЇЁ рІФрѕѕрІЇ
­ЪЉЅрІЇрЅЦріЊ рїаріЋріФрѕФ рѕйрЇІріЋ рѕхрѕІрѕѕрІЇ рѕѕріарІГріЋ рѕЏрѕФріф рІ░рѕЁріЋріљрЅ▒рѕЮ ріарѕхрЅ░рѕЏрѕЏріЮ
­ЪЉЅрѕйрЇІріЉріЋ ріерЇѕрѕѕрїЅ рІерѕџрІФрІѕрїАрЅх
­ЪЉЅрѕЇрїєрЅй ріерЅдрЅ│ рЅдрЅ│ рѕ▓рІФріЋрЅђрѕ│рЅЁрѕ▒рЅх ріЦріЋрІ▓рѕўрЅй рѕЏріЋрїарѕЇрїарІФ рІФрѕѕрІЇ

┬а┬а ріарІхрѕФрѕ╗ рЇд
1 .рїЅрѕГрІх рѕЙрѕІ рѕєрѕі рѕ▓рЅ▓ рѕ┤ріЋрЅ░рѕГ 3ріЏ рЇјрЅЁ
2 . рЇњрІФрѕ│ ріФріЋрЅхрѕф рЅ│рІѕрѕГ 2ріЏ рЇјрЅЁрЇц
3 . рїђрѕъ рІ░рѕіріЊ рѕЁріЋрЇЃ рѕЮрІхрѕГ рѕІрІГ
(рІЇрѕЇріЊ рѕЏрѕхрѕерїЃ рІФрѕѕрЅарЅх рѕЁріЋрЇЃ)
4 . рїѕрѕГрїѓ рѕўрЅЦрѕФрЅх рѕЃрІГрѕЇ
┬а┬а┬а┬а┬а рЇІрІЇріЋрЅ┤ріЋ рѕЁріЋрЇЃ 1ріЏ рЇјрЅЁ

рІГрІ░рІЇрѕЅ 0989939393 рІѕрІГрѕЮ 0930323334
Telegram > http://t.me/meneshayeofficial
Tiktok > http://tiktok.com/@meneshayeofficial
Facebook > http://facebook.com/@meneshayeofficial

┬а #Tablet #Meneshaye_Tablet #kids_tablet #uniqe_tablet #latest_version_kids_tablet #iwawa #paternal_control┬а #kids_store #shewit #educationaltoys #meneshaye #meneshayestore",2024-08-03 08:02:55+00:00,../data/raw/photos\@meneshayeofficial_790.jpg
Fashion tera,@Fashiontera,3293,"NIKE RUN SWIFT
Made in  Vietnam 
Size 42,43
Price 2500
(Free Delivery)
Inbox @Hiwe5266
рѕхрѕЇріГ +251945355266

    РЎд№ИЈ рЇІрѕйріЋ рЅ░рѕФ /Fashion TeraРЎд№ИЈ
          сђ░сђ░сђ░сђ░сђ░сђ░сђ░сђ░
ріарІхрѕФрѕ╗: ріарІ▓рѕх ріарЅарЅБ ,рїдрѕГ рѕђрІГрѕјрЅй рІхрѕфрѕЮ рЅ│рІѕрѕГ 2рЅ░ріЏ рЇјрЅЁ
рЅбрѕ« рЅЂрїЦрѕГ 205
сђ░сђ░сђ░сђ░сђ░",2023-02-28 19:48:06+00:00,
рѕўріљрѕ╗рІг,@meneshayeofficial,342,"RC vehicle stunt motor cycle

рЅ╗рѕГрїЁ рІерѕџрІ░рѕерїЇ рЅБрѕѕрѕфрѕърЅх рѕърЅ░рѕГ рѕ│рІГріГрѕЇ ріеріљрѕърЅ░рѕеріЏрІЇ!

­ЪЉЅрЅарѕЇрІЕ рѕЂріћрЅ│ рІерЅ░рѕ░рѕФ рІерѕхрЇќріЋрїЁ рїјрѕЏ рІФрѕѕрІЇ
рЅарѕфрѕърЅх рѕърЅ░рѕеріЏрІЇріЋ рІерЅ░рѕѕрІФрІЕ ріЦріЋрЅЁрѕхрЅЃрѕ┤рІјрЅйріЋ ріЦріЋрІ▓рІФрІ░рѕГрїЇ рІерѕџрІФрѕхрЅйрѕЇ
­ЪЉЅрїЦріЋріФрѕгрІЇ ріарѕхрЅ░рѕЏрѕЏріЮріЊ рЅарЅђрѕІрѕЅ рІерѕЏрІГрѕ░рЅарѕГ
­ЪЉЅрЅарЇѕрѕѕрїЅрЅх рѕўрїаріЋ рЇЇрїЦріљрЅ▒ріЋ рѕўрЅєрїБрїарѕГ рІерѕџрІФрѕхрЅйрѕЇ
­ЪЉЅрѕфрѕърЅ▒ рЅарѕерІЦрѕЮ рѕГрЅђрЅх рІЇрѕхрїЦ рѕўрїарЅђрѕЮ рІерѕџрІФрѕхрЅйрѕЇ
­ЪЉЅрѕѕріљрїѕрѕ«рЅй рїЦріЋрЅЃрЅё рѕхрѕЏрІхрѕерїЇріЊ рѕђрѕІрЇіріљрЅх рѕўрІЇрѕ░рІхріЋ рІГрѕЏрѕЕрЅарЅ│рѕЇ
­ЪЉЅріЦріЋрЅЁрѕхрЅЃрѕ┤ ріЦріЋрІ▓рІФрІ░рѕГрїЅріЊ ріерѕхріГрѕфріЋ рІЇрїГ рїірІю ріЦріЋрІ▓рІФрѕ│рѕЇрЇЅ рІФрІ░рѕГрїІрЅИрІІрѕЇ
­ЪЉЅрѕЮріЊрЅБрІі ріарЅЁрѕЏрЅИрІЇріЋріЊ рІерЇѕрїарѕФ ріГрѕЁрѕјрЅ│рЅИрІЇріЋ рІФрѕ│рІхрїІрѕЇ
­ЪЉЅрІерѕЇрїєрЅйріЋ рѕЏрѕЁрЅарѕФрІі рїЇріЋріЎріљрЅх рІФрїаріЊріГрѕФрѕЇ

рІІрїІ 3500

ріарІхрѕФрѕ╗рЇд
­ЪЊЇрїЅрѕГрІх рѕЙрѕІ рѕєрѕі рѕ▓рЅ▓ рѕ┤ріЋрЅ░рѕГ 3ріЏ рЇјрЅЁ
рІГрѕЮрїА рЅарѕўріљрѕ╗рІг рІерѕЇрїЁрІјріЋ рѕўріљрѕ╗ рІФрЅЁрѕЇрѕЅ!

рІГрІ░рІЇрѕЅ 0989939393 рІѕрІГрѕЮ 0930323334

Telegram > http://t.me/meneshayeofficial
Tiktok > http://tiktok.com/@meneshayeofficial
Facebook > http://facebook.com/@meneshayeofficial

#car #Remotecontrolcar #RC #crtivity #socialablity #quality #gift┬а┬а #entertain #toy #kid #daycare #store #educationaltoys #meneshaye
#meneshayestore",2023-07-25 11:15:45+00:00,../data/raw/photos\@meneshayeofficial_342.jpg
рѕЇрІЕ ріЦрЅЃ,@Leyueqa,7467,"Рџа№ИЈРџа№ИЈРџа№ИЈрІўрІГрЅх рІерѕЏрІФрЅБріГріЋ oil Spray Bottle

­ЪЉЅElegant oil sprayer perfect for cooking, baking, grilling, or salad making
­ЪЉЅA perfect kitchen gadget that will help you eat healthier, using less oil
­ЪЉЅDesigned to distribute the oil evenly on whichever dish you are using it on

┬а┬а┬а┬а┬а┬а рІІрїІ­ЪњхрЇдРюћ№ИЈ 850рЅЦрѕГ

рЅарЅ░рїерѕЏрѕф #ріе_1000_рЅЦрѕГ рЅарѕІрІГ рІерѕєріЉ
#рѕЂрѕѕрЅх_рІЋрЅЃрІјрЅй рЅаріаріЋрІхрІ▓рѕірЅерѕф рїЇрІю┬а рѕ▓рІФрІЎ рѕхрїдрЅ│ ріЦріЋрѕЇріГрѕѕрІјрЅ│рѕѕріЋ 
­ЪјЂ T.me/Leyueqa ­ЪЉѕрЅ╗ріЊрѕІрЅйріЋріЋ рѕѕрїЊрІ░ріЏрІј рѕИрѕГ рѕЏрІхрѕерїЇрІјріЋ ріарІГрѕГрѕ▒ 
┬а┬а┬а┬а┬а┬а┬а
┬а┬а 0933334444 @LeMazez_z
┬а┬а 0944109295 @Lemaze_z
┬а┬а 0946242424 @Le_Mazez
┬а┬а #ріарІхрѕФрѕ╗­Ъћў­Ъћў
РГЋ№ИЈрЅЂрїЦрѕГ 1 рѕЇрІ░рЅ│ рІѕрІ░ рЅБрѕЇрЅ╗ рѕєрѕхрЇњрЅ│рѕЇ рїѕрЅБ рЅЦрѕј┬а ріарѕЁрѕўрІх рѕЁріЋрЇЃ рѕІрІГ 1ріЏрЇјрЅЁ 105B
РГЋ№ИЈрЅЂрїЦрѕГ 2 __ 22 ріарІЇрѕФрѕфрѕх рѕєрЅ┤рѕЇ ріарїарїѕрЅЦ┬а рЅарЇђрїІ рѕЁріЋрЇЃ 3ріЏ рЇј рЅЁ ріе рѕірЇЇрЅ▒┬а рЅа рїЇрѕФ рІерѕ▒рЅЁ рЅЂрїЦрѕГ­ЪЉї C10 
рІГрІ░рІЅрѕЅрѕЇріЋ­ЪЉє",2025-05-24 10:03:45+00:00,
рѕўріљрѕ╗рІг,@meneshayeofficial,730,"Crystal Mud 

рѕЇрїєрЅйрІј рЅцрЅх рЅарѕЏрІФрЅарѕІрѕй рїГрЅЃ рІГрїФрІѕрЅ▒!

­ЪЉЅрЅарЅ░рѕѕрІФрІе рІерЅђрѕѕрѕЮ ріарѕЏрѕФрїГ рІерЅђрѕерЅА
­ЪЉЅрѕЇрїєрЅй рІерѕџрЇѕрѕЇрїЅрЅхріЋ ріарІГріљрЅх рІ▓рІЏрІГріЋ рѕірѕ░рѕЕ рІерѕџрЅйрѕЅрЅарЅх
­ЪЉЅрѕѕрѕхрѕІрѕ│ріЊ рѕѕріарѕ░рѕФрѕГ рѕЮрЅ╣
­ЪЉЅрѕЮріЋрѕЮ ріарІГріљрЅх рЅ░рїерѕЏрѕф рѕЏрїБрЅарЅѓрІФрѕЮ рѕєріљ рѕЏрЅАріфрІФ рІЇрѕЃ рІерѕЏрІГрЇѕрѕЇрїЇ
­ЪЉЅрѕЇрЅЦрѕхрѕЮ рѕєріљ рЅцрЅхріЋ рІерѕЏрІФрЅєрѕйрѕй
­ЪЉЅрѕѕрѕЇрїєрЅй рІ░рѕЁріЋріљрЅх рЅ░рѕхрѕЏрѕџ рѕєріќ рІерЅ░рІўрїІрїђ

­ЪЉЅрѕЇрїєрЅй рІеріЦрїєрЅ╗рЅИрІЇріЋріЊ рІерїБрЅХрЅ╗рЅИрІЇріЋ рїЦріЋріФрѕг рІФрІ│рЅЦрѕЕрЅарЅ│рѕЇ
­ЪЉЅрѕЮріЊрЅБрІі ріарЅЁрѕЏрЅИрІЇріЋріЊ рЅйрїЇрѕ«рЅйріЋ рІерѕўрЇЇрЅ│рЅх ріГрѕЁрѕјрЅхріЋ рІФрІ│рЅЦрѕЕрЅарЅ│рѕЇ
­ЪЉЅрѕѕріљрїѕрѕ«рЅй рЅхріЕрѕерЅх рѕўрѕхрїарЅхріЋ рІГрѕѕрѕЏрѕўрІ▒рЅарЅ│рѕЇ
­ЪЉЅрЅарѕФрѕх рѕўрЅ░рѕЏрѕўріЊрЅИрІЇріЋ рІФрїјрѕѕрЅЦрЅ▒рЅарЅ│рѕЇ

рІІрїІрІЇ 600

рІГрІ░рІЇрѕЅ 0989939393 рІѕрІГрѕЮ 0930323334

Telegram > http://t.me/meneshayeofficial
Tiktok > http://tiktok.com/@meneshayeofficial
Facebook > http://facebook.com/@meneshayeofficial
ріарІхрѕФрѕ╗рЇд
­ЪЊЇ рїЅрѕГрІх рѕЙрѕІ рѕєрѕі рѕ▓рЅ▓ рѕ┤ріЋрЅ░рѕГ 3ріЏ рЇјрЅЁ
рІерѕЇрїЁрІјріЋ рѕўріљрѕ╗ рІФрЅЁрѕЇрѕЅ!
#superdough┬а #toy #kid #store┬а┬а #confidence #concentration #quality #imagination #problemsolving #educationaltoys #meneshaye",2024-02-13 07:33:14+00:00,../data/raw/photos\@meneshayeofficial_730.jpg
Zemen Express┬«,@ZemenExpress,6981,"­ЪњЦ­ЪњЦ...................................­ЪњЦ­ЪњЦ

­ЪЊї Baby Carrier

­ЪЉЇрЅарЇѕрѕѕрїЅрЅх ріарЅЁрїБрїФ рѕЇрїЁрІјріЋ┬а рЅарѕЮрЅЙрЅх рѕЏрІўрѕЇ рІФрѕхрЅйрѕЇрІјрЅ│рѕЇ

рІІрїІрЇд┬а ­Ъњ▓­ЪЈи┬а 2400 рЅЦрѕГ

­ЪЊЇрІЇрѕхріЋ рЇЇрѕг ріљрІЇ рІФрѕѕріЋ­ЪћЦ­ЪћЦ­ЪћЦ

­ЪЈб ріарІхрѕФрѕ╗­ЪЉЅ

­ЪЊЇРЎд№ИЈ#рѕўрїѕріЊріЏ_рѕўрѕ░рѕерЅх_рІ░рЇІрѕГ_рѕърѕЇ_рѕЂрѕѕрЅ░ріЏ_рЇјрЅЁ рЅбрѕ« рЅЂ. S05/S06


┬а┬а┬а┬а ­ЪњД­ЪњД­ЪњД­ЪњД


┬а┬а┬а ­ЪЊ▓ 0902660722
┬а┬а┬а ­ЪЊ▓ 0928460606 

­Ъћќ
­ЪњгрЅаTelegram рѕѕрѕЏрІўрІЮ Рцх№ИЈ рІГрїарЅђрѕЎ­Ъћй

@zemencallcenter 

@zemenexpressadmin

рѕѕрЅ░рїерѕЏрѕф рѕЏрЅЦрѕФрѕфрІФ рІерЅ┤рѕїрїЇрѕФрѕЮ рїѕрЇЃрЅйріЋРцх№ИЈ
https://telegram.me/zemenexpress

­ЪњЦ­ЪњЦ...................................­ЪњЦ­ЪњЦ",2025-06-16 12:21:00+00:00,
рѕўріљрѕ╗рІг,@meneshayeofficial,360,"Aero space satelite

рІерѕхрЇћрѕх рѕ│рЅ░рѕІрІГрЅх рЅарѕџрїѕрїБрїарѕЮ рЅЦрѕјріГ 

­ЪЉЅ105 рѕўрѕѕрѕЏрѕўрїЃрІјрЅй рІФрѕЅрЅх
­ЪЉЅріерЅ░рїѕрїБрїарѕў рЅаріЃрѕІ 113.4cm рѕГрІЮрѕЏріћ рІФрѕѕрІЇ
­ЪЉЅрѕхрѕѕ рѕ│рЅ░рѕІрІГрЅх ріарѕ░рѕФрѕГ рїЇріЋрІЏрЅцріЋ рІерѕџрІФрїѕріЎрЅарЅх
­ЪЉЅрїѕрїБрїЦрѕўрІЇ рѕ▓рїерѕГрѕ▒ ріЦрІерЅ░рїФрІѕрЅ▒ ріарѕфрЇЇ рїірІюріЋ рІерѕџрІФрѕ│рѕЇрЇЅрЅарЅх
­ЪЉЅріарѕ░рѕФрѕЕріЋ рЅарІЮрѕГрІЮрѕГ рІерѕџрІФрѕ│рІГ рѕЏріЉрІІрѕЇ рІФрѕѕрІЇ
­ЪЉЅріеріаріЋрІх рїірІю рЅарѕІрІГ рІ░рїІрїЇрѕўрІЇ рІерѕџрѕ░рѕЕрЅарЅх
­ЪЉЅрІерѕюріФріњріФрѕЇ рѕЮрѕЁріЋрІхрѕхріЊ ріЦрІЇрЅђрЅхріЋ рІерѕџрІФрІ│рЅЦрѕГ

­ЪЉЅріарЅхріЕрѕ«рЅхріЋріЊ рЇЁріЊрЅхріЋ рІерѕџрѕѕрѕЏрѕўрІ▒рЅарЅх
­ЪЉЅрІерЇѕрїарѕФ ріГрѕЁрѕјрЅ│рЅИрІЇріЋ рІерѕџрїерѕЮрѕГ
­ЪЉЅрЅарѕФрѕх рѕўрЅ░рѕЏрѕўріЋріЋ рІерѕџрІФрІ│рЅЦрѕГ
­ЪЉЅрѕЮріЊрЅБрІі ріарЅЁрѕЮріЋріЊ┬а рІерѕџрІФрїјрѕѕрЅЦрЅх
­ЪЉЅрІўріЊ рѕѕрѕЏрѕѕрЅхріЊ рІерѕўрїеріЊріљрЅЁ рѕхрѕюрЅхріЋ рѕѕрѕўрЅђріљрѕх рІерѕџрѕерІ│
­ЪЉЅрІеріЦрїЁріЊ рІеріарІГріЋ рЅЁріЋрїЁрЅ│рЅИрІЇріЋ рІерѕџрІФрІ│рЅЦрѕГ

рІІрїІ 400

ріарІхрѕФрѕ╗рЇд
­ЪЊЇрїЅрѕГрІх рѕЙрѕІ рѕєрѕі рѕ▓рЅ▓ рѕ┤ріЋрЅ░рѕГ 3ріЏ рЇјрЅЁ
рІГрѕЮрїА рЅарѕўріљрѕ╗рІг рІерѕЇрїЁрІјріЋ рѕўріљрѕ╗ рІФрЅЁрѕЇрѕЅ!

рІГрІ░рІЇрѕЅ 0989939393 рІѕрІГрѕЮ 0930323334

Telegram > http://t.me/meneshayeofficial
Tiktok > http://tiktok.com/@meneshayeofficial
Facebook > http://facebook.com/@meneshayeofficial

#Buildingblock #Buildindtoys #virtualworldsforkids #Kidstoysonline #primaryschooltoys #Creativity┬а #quality #gift┬а┬а #entertain #toy #kid #store #educationaltoys #meneshaye
#meneshayestore",2023-07-26 09:04:30+00:00,../data/raw/photos\@meneshayeofficial_360.jpg
Zemen Express┬«,@ZemenExpress,6306,"­ЪњЦ­ЪњЦ...................................­ЪњЦ­ЪњЦ

­Ъј»2in1 Portable Dumpling Making Machine

рІІрїІрЇд┬а ­Ъњ▓­ЪЈи┬а 650 рЅЦрѕГ

РЎд№ИЈрІЇрѕхріЋ рЇЇрѕг ріљрІЇ рІФрѕѕрІЇ ­ЪћЦ­ЪћЦ­ЪћЦ

­ЪЈб ріарІхрѕФрѕ╗­ЪЉЅ

­ЪЊЇрЅЂ.1№ИЈРЃБРЎд№ИЈрѕўрїѕріЊріЏ рѕўрѕ░рѕерЅх рІ░рЇІрѕГ рѕърѕЇ рѕЂрѕѕрЅ░ріЏ рЇјрЅЁ рЅбрѕ« рЅЂ. S05/S06

­ЪЊЇ рЅЂ.2№ИЈРЃБРЎд№ИЈрЇњрІФрѕ│ рїірІ«рѕГрїірѕх ріарІ░рЅБрЅБрІГ рѕФрѕўрЅх_рЅ│рЅдрѕГ_рідрІ│_рѕЁріЋрЇЃ 1ріЏ рЇјрЅЁ рѕ▒рЅЁ рЅЂ. G1 -107



┬а┬а┬а┬а ­ЪњД­ЪњД­ЪњД­ЪњД


┬а┬а┬а ­ЪЊ▓ 0902660722
┬а┬а┬а ­ЪЊ▓ 0928460606

РъА№ИЈ ­Ъћ┤рЇњрІФрѕ│ рЅЁрѕГріЋрїФрЇЇ 0960460606
┬а┬а┬а┬а┬а┬а┬а┬а┬а┬а┬а┬а┬а┬а┬а┬а┬а┬а┬а┬а┬а┬а┬а┬а┬а┬а┬а ­ЪЊ▒ @mardashope

­Ъћќ
­ЪњгрЅаTelegram рѕѕрѕЏрІўрІЮ Рцх№ИЈ рІГрїарЅђрѕЎ­Ъћй

@zemencallcenter 

@zemenexpressadmin

рѕѕрЅ░рїерѕЏрѕф рѕЏрЅЦрѕФрѕфрІФ рІерЅ┤рѕїрїЇрѕФрѕЮ рїѕрЇЃрЅйріЋРцх№ИЈ
https://telegram.me/zemenexpress

­ЪњЦ­ЪњЦ...................................­ЪњЦ­ЪњЦ",2025-02-26 05:42:06+00:00,../data/raw/photos\@ZemenExpress_6306.jpg
NEVA COMPUTER┬«,@nevacomputer,8437,"DONT MISS IT ­ЪћЦ
#GAMINGLAPTOP
#STUDENTS OFFER

#ACER NITRO V 15
­ЪЁЉ№Иј­ЪЁА№Иј­ЪЁљ№Иј­ЪЁЮ№Иј­ЪЁЊ№Иј : ACER NITRO 
Рюе­ЪЁЊ№Иј­ЪЁў№Иј­ЪЁб№Иј­ЪЁЪ№Иј­ЪЁЏ№Иј­ЪЁљ№Иј­ЪЁе№Иј: 15.6РђЮ FHD 144 HZ
Рюе­ЪЁњ№Иј­ЪЁЪ№Иј­ЪЁц№Иј: CORE I5 13th generation 
Рюе­ЪЁА№Иј­ЪЁљ№Иј­ЪЁю№Иј:8GB ­ЮЌЌ­ЮЌЌ­ЮЌЦ5 (5200MHZ)
Рюе­ЪЁб№Иј­ЪЁБ№Иј­ЪЁъ№Иј­ЪЁА№Иј­ЪЁљ№Иј­ЪЁќ№Иј: 1TB SSD 
Рюе­ЪЁќ№Ијraphics: 4GB RTX 2050
Рюе­ЪЁъ№Иј­ЪЁб№Иј:window 11 pro 
Рюе­ЪЁЉ№Иј­ЪЁљ№Иј­ЪЁБ№Иј­ЪЁБ№Иј­ЪЁћ№Иј­ЪЁА№Иј­ЪЁе№Иј: 5hr
Рюе­ЪЁб№Иј­ЪЁБ№Иј­ЪЁљ№Иј­ЪЁБ№Иј­ЪЁц№Иј­ЪЁб№Иј:  BRAND NEW 
Price  ­ЪЉЄ
­ЪЊЕ@rasneva рѕѕріарїГрѕГ рѕўрѕЇріЦріГрЅх
 рІГрІ░рІЅрѕЅ Рўј№ИЈ
+251912759900
+251920153333

­ЪЈб ріарІхрѕФрѕ╗: - рѕўрїѕріЊріЏ рѕЏрѕФрЅХріЋ рІе рїѕрЅарІФ рѕЏріЦріерѕЇ рЅа рІІріЊрІЇ рѕўрїЇрЅбрІФ рѕўрѕгрЅх рѕІрІГ
рІѕрІГріЋрѕЮ рїЇрѕФрІЇріЋрІх рЇЇрѕјрѕГ рЅЦрЅЁ рІГрЅарѕЅ
 ­ЪЉЅріљрЅФ рі«рѕЮрЇњрІЇрЅ░рѕГ­ЪЉѕ рѕўрѕєріЉріЋ рІФрѕерїІрїЇрїА

рІхрѕЁрѕе рїѕрї╗рЅйріЋріЋ рІГрїјрЅЦріЎ
www.nevacomputer.com

рЅ┤рѕїрїЇрѕФрѕЮ рЅ╗ріЊрѕІрЅйріЋріЋ рІГрЅђрѕІрЅђрѕЅ

https://t.me/nevacomputer",2024-04-03 06:31:24+00:00,../data/raw/photos\@nevacomputer_8437.jpg
Zemen Express┬«,@ZemenExpress,6849,"­ЪњЦ­ЪњЦ...................................­ЪњЦ­ЪњЦ

­ЪЊї Portable drying rack Clips cloth hanger

рѕЇрЅЦрѕх рѕЏрѕхрїФ

­ЪЉЇрІерѕџрІўрѕерїІ рІерѕџрѕ░рЅарѕ░рЅЦ
­ЪЉЇрІерѕФрѕ▒ рІерѕЇрЅЦрѕх рѕўрЅєріЋрїарїФ рІФрѕѕрІЇ
­ЪЉЇ180 cm рѕГрІЮрѕўрЅх 
­ЪЉЇрЅ░ріЋрЅђрѕ│рЅЃрѕй

рІІрїІрЇд┬а ­Ъњ▓­ЪЈи┬а 500 рЅЦрѕГ

РЎд№ИЈрІЇрѕхріЋ рЇЇрѕг ріљрІЇ рІФрѕѕрІЇ­ЪћЦ­ЪћЦ­ЪћЦ

┬а­ЪЈб ріарІхрѕФрѕ╗­ЪЉЅ

­ЪЊЇРЎд№ИЈ#рѕўрїѕріЊріЏ_рѕўрѕ░рѕерЅх_рІ░рЇІрѕГ_рѕърѕЇ_рѕЂрѕѕрЅ░ріЏ_рЇјрЅЁ рЅбрѕ« рЅЂ. S05/S06


┬а┬а┬а┬а ­ЪњД­ЪњД­ЪњД­ЪњД


┬а┬а┬а ­ЪЊ▓ 0902660722
┬а┬а┬а ­ЪЊ▓ 0928460606 

­Ъћќ
­ЪњгрЅаTelegram рѕѕрѕЏрІўрІЮ Рцх№ИЈ рІГрїарЅђрѕЎ­Ъћй

@zemencallcenter 

@zemenexpressadmin

рѕѕрЅ░рїерѕЏрѕф рѕЏрЅЦрѕФрѕфрІФ рІерЅ┤рѕїрїЇрѕФрѕЮ рїѕрЇЃрЅйріЋРцх№ИЈ
https://telegram.me/zemenexpress

­ЪњЦ­ЪњЦ...................................­ЪњЦ­ЪњЦ",2025-05-29 18:26:29+00:00,
рѕўріљрѕ╗рІг,@meneshayeofficial,143,"Magnetic Tangram Block

рЅарЅБрѕѕ рѕЏрїЇріћрЅх рЅ│ріЋрїЇрѕерѕЮ ріарѕфрЇЇ рїірІюріЋ рѕЇрїєрЅйрІј рІФрѕ│рѕЇрЇЅ

­ЪЉЅрЅа20 ріФрѕГрІХрЅй рѕІрІГ рІФрѕЅ 40 рѕЮрѕхрѕјрЅйріЋ рІерІФрІў
­ЪЉЅрѕЇрїєрЅй рІерЅ░рѕѕрІФрІЕ┬а рІ▓рІЏрІГріќрЅйріЋ рІФрѕѕрїѕрІ░рЅЦ рІерѕџрѕ░рѕЕрЅарЅх
­ЪЉЅрѕЇрїєрЅй рЅђрѕѕрѕЏрЅхріЊ рЅЁрѕГрїЙрЅйріЋ рЅарЅђрѕІрѕЅ рІерѕџрѕѕрІЕрЅарЅх
­ЪЉЅрѕЇрїєрЅй рЅарїЇрѕЇрѕЮ рѕєріљ рЅарїІрѕФ рІерѕџрїФрІѕрЅ▒рЅарЅх
­ЪЉЅрІерѕЇрїєрЅйріЋ рІерЇѕрїарѕФ ріГрѕЁрѕјрЅх рЅаріЦрїЁрїЅ рІерѕџрІФрІ│рЅЦрѕГ

­ЪЉЅрїаріЋріФрѕФріЊ рѕѕрѕерІЦрѕЮ рїірІю рІерѕџрЅєрІГ
­ЪЉЅрІерѕЇрїєрЅйріЋ рІ░рѕЁріЋріљрЅх рЅарїарЅарЅђ рѕўрѕЇріЕ рІерЅ░рѕ░рѕФ
­ЪЉЅрІеріЦрїЁріЊ рІеріарІГріЋ рЅЁріЋрїЁрЅхріЋ рІерѕџрІФрІ│рЅЦрѕГ
­ЪЉЅрІерѕЇрїєрЅйріЋ рІерѕЏрѕ░рѕІрѕ░рѕЇ┬а ріарЅЁрѕЮ рІерѕџрїерѕЮрѕГ

рІІрїІрІЇ 2200

рІГрІ░рІЇрѕЅ 0989939393 рІѕрІГрѕЮ 0930323334

Telegram > http://t.me/meneshayeofficial
Tiktok > http://tiktok.com/@meneshayeofficial
Facebook > http://facebook.com/@meneshayeofficial
ріарІхрѕФрѕ╗рЇд
­ЪЊЇ рїЅрѕГрІх рѕЙрѕІ рѕєрѕі рѕ▓рЅ▓ рѕ┤ріЋрЅ░рѕГ 3ріЏ рЇјрЅЁ
рІерѕЇрїЁрІјріЋ рѕўріљрѕ╗ рІФрЅЁрѕЇрѕЅ!
#Block #tangram #play #toy #kid #store #game #entertain #gift #Criticalthinking #educationaltoys #meneshaye",2023-07-07 14:27:43+00:00,../data/raw/photos\@meneshayeofficial_143.jpg
NEVA COMPUTER┬«,@nevacomputer,7974,"­Ъћц­Ъћц­Ъћц­ЪЁ░№ИЈ
­Ъћц­Ъћц­Ъћц­Ъћц­Ъћц­Ъћц­Ъћц­Ъћц

#GAMING LAPTOP  Рюћ№ИЈ
#student offer 
#europa standard ­ЪЌ»№ИЈ
­ЪЁЉ№Иј­ЪЁА№Иј­ЪЁљ№Иј­ЪЁЮ№Иј­ЪЁЊ№Иј : LENOVO IDEAPAD   
Рюе­ЪЁЊ№Иј­ЪЁў№Иј­ЪЁб№Иј­ЪЁЪ№Иј­ЪЁЏ№Иј­ЪЁљ№Иј­ЪЁе№Иј: 15.6 inch 1080 screen 
Рюе­ЪЁњ№Иј­ЪЁЪ№Иј­ЪЁц№Иј: CORE I5 11thGen 
Рюе­ЪЁА№Иј­ЪЁљ№Иј­ЪЁю№Иј:16GB ­ЮЌЌ­ЮЌЌ­ЮЌЦ4 
Рюе­ЪЁб№Иј­ЪЁБ№Иј­ЪЁъ№Иј­ЪЁА№Иј­ЪЁљ№Иј­ЪЁќ№Иј: 512GB SSD
Рюе­ЪЁќ№Иј­ЪЁА№Иј­ЪЁљ№Иј­ЪЁЪ№Иј­ЪЁЌ№Иј­ЪЁў№Иј­ЪЁњ№Иј­ЪЁб№Иј: IRIS XE GRAPHICS PLUS Nvidia RTX 3050 4GB GRAPHICS 
Рюе­ЪЁъ№Иј­ЪЁб№Иј:­Юўё­ЮЌХ­ЮЌ╗­ЮЌ▒­ЮЌ╝­Юўё­Юўђ 11 pro 22H2 
Рюе­ЪЁЉ№Иј­ЪЁљ№Иј­ЪЁБ№Иј­ЪЁБ№Иј­ЪЁћ№Иј­ЪЁА№Иј­ЪЁе№Иј: 4hr
Рюе­ЪЁб№Иј­ЪЁБ№Иј­ЪЁљ№Иј­ЪЁБ№Иј­ЪЁц№Иј­ЪЁб№Иј: BRAND NEW  
Price sold outРЮїРЮї
­ЪЊЕ@rasneva рѕѕріарїГрѕГ рѕўрѕЇріЦріГрЅх
 рІГрІ░рІЅрѕЅ Рўј№ИЈ
+251912759900
+251920153333

­ЪЈб ріарІхрѕФрѕ╗: - рѕўрїѕріЊріЏ рѕЏрѕФрЅХріЋ рІе рїѕрЅарІФ рѕЏріЦріерѕЇ рЅа рІІріЊрІЇ рѕўрїЇрЅбрІФ рѕўрѕгрЅх рѕІрІГ
рІѕрІГріЋрѕЮ рїЇрѕФрІЇріЋрІх рЇЇрѕјрѕГ рЅЦрЅЁ рІГрЅарѕЅ
 ­ЪЉЅріљрЅФ рі«рѕЮрЇњрІЇрЅ░рѕГ­ЪЉѕ рѕўрѕєріЉріЋ рІФрѕерїІрїЇрїА

рІхрѕЁрѕе рїѕрї╗рЅйріЋріЋ рІГрїјрЅЦріЎ
www.nevacomputer.com

рЅ┤рѕїрїЇрѕФрѕЮ рЅ╗ріЊрѕІрЅйріЋріЋ рІГрЅђрѕІрЅђрѕЅ

https://t.me/nevacomputer

     ­Ъћа­Ъћа­Ъћа­ЪЁ░№ИЈ ­Ъћа­Ъћа­Ъћа­Ъћа­Ъћа­Ъћа­Ъћа­Ъћа",2023-10-10 08:05:58+00:00,../data/raw/photos\@nevacomputer_7974.jpg
Zemen Express┬«,@ZemenExpress,6298,"­ЪњЦ­ЪњЦ...................................­ЪњЦ­ЪњЦ

­ЪЊїSaachi┬« Electric Kettle
рѕ│рЅ║ рІЇрѕЃ рѕЏрЇЇрІФ 
­Ъњ» High Quality 

­ЪЉЇ Capacity :- 2.0 Litres
­ЪЉЇ Double Wall Outer Body With Stainless Steel Inner Layer 
­ЪЉЇ Automatic / Manual Switch Off
­ЪЉЇ Built In Dry-Boil Senor
­ЪЉЇ Rapid Boil System
­ЪЉЇ Concealed Heating Element
­ЪЉЇ Cordless Easy to use 
­ЪЉЇ 360 Rotation
­ЪЉЇ Overheat Protection 

Рџа№ИЈ Power┬а :- 2200 WAT

рІІрїІрЇд┬а ­Ъњх­ЪЈи┬а 2600 рЅЦрѕГ

РЎд№ИЈрІЇрѕхріЋ рЇЇрѕг ріљрІЇ рІФрѕѕрІЇ ­ЪћЦ­ЪћЦ­ЪћЦ

­ЪЈб ріарІхрѕФрѕ╗­ЪЉЅ

­ЪЊЇрЅЂ.1№ИЈРЃБРЎд№ИЈрѕўрїѕріЊріЏ рѕўрѕ░рѕерЅх рІ░рЇІрѕГ рѕърѕЇ рѕЂрѕѕрЅ░ріЏ рЇјрЅЁ рЅбрѕ« рЅЂ. S05/S06

­ЪЊЇ рЅЂ.2№ИЈРЃБРЎд№ИЈрЇњрІФрѕ│ рїірІ«рѕГрїірѕх ріарІ░рЅБрЅБрІГ рѕФрѕўрЅх_рЅ│рЅдрѕГ_рідрІ│_рѕЁріЋрЇЃ 1ріЏ рЇјрЅЁ рѕ▒рЅЁ рЅЂ. G1 -107



┬а┬а┬а┬а ­ЪњД­ЪњД­ЪњД­ЪњД


┬а┬а┬а ­ЪЊ▓ 0902660722
┬а┬а┬а ­ЪЊ▓ 0928460606

РъА№ИЈ ­Ъћ┤рЇњрІФрѕ│ рЅЁрѕГріЋрїФрЇЇ 0960460606
┬а┬а┬а┬а┬а┬а┬а┬а┬а┬а┬а┬а┬а┬а┬а┬а┬а┬а┬а┬а┬а┬а┬а┬а┬а┬а┬а ­ЪЊ▒ @mardashope

­Ъћќ
­ЪњгрЅаTelegram рѕѕрѕЏрІўрІЮ Рцх№ИЈ рІГрїарЅђрѕЎ­Ъћй

@zemencallcenter 

@zemenexpressadmin

рѕѕрЅ░рїерѕЏрѕф рѕЏрЅЦрѕФрѕфрІФ рІерЅ┤рѕїрїЇрѕФрѕЮ рїѕрЇЃрЅйріЋРцх№ИЈ
https://telegram.me/zemenexpress

­ЪњЦ­ЪњЦ...................................­ЪњЦ­ЪњЦ",2025-02-25 07:15:44+00:00,../data/raw/photos\@ZemenExpress_6298.jpg
рѕўріљрѕ╗рІг,@meneshayeofficial,964,"ріЦрѕхріерІЏ рІерѕЇрїєрЅй рЇќрЇќ
рѕѕрѕЇрїєрЅй рѕЮрЅ╣ рІерѕєріљ рѕЇрІЕ рІ▓рІЏрІГріЋ
­ЪЉЅрІерѕЇрїєрІјріЋ рІ░рѕЁріЋріљрЅх рІерѕџрїарЅЦрЅЁ
­ЪЉЅрѕЏрІГрЅђрІўрЅЁрІЮ ріЦріЊ рІерѕЏрІГрЅєрѕерЅЂрѕГ 
­ЪЉЅрЅарїБрѕЮ рїаріЋріФрѕФ
­ЪЉЅрѕѕрѕЏрЇЁрІ│рЅх ріарѕўрЅ║ ріЦріЊ рЅарЅђрѕІрѕЅ рІерѕџріљрЅЃрЅђрѕЇ
­ЪЉЅрІерЅ░рѕерїІрїѕрїа рІе ріаріЋрІх рІЊрѕўрЅх рІІрѕхрЅхріЊ ріЦріЋрѕ░рїБрѕѕріЋРђ╝№ИЈ
­ЪЉЅ5000

0989939393┬а┬а┬а /┬а┬а ­ЪЊ▒0911259661 

­Ъџ┤РђЇРЎѓ№ИЈ рІГрІўрІЎріЋ рІФрѕЅрЅарЅх рІхрѕерѕх ріЦріЊрѕўрїБрѕѕріЋРђ╝№ИЈ

­ЪЉЅрЅарѕџрѕіріњрІерѕЮ ріЦріЊ ріцрїЇрІџрЅбрѕйріЋ рЅБрІЏрѕГ рІФрїѕріЎріЊрѕЇ

­ЪЉЅ#kidspottytraining #рІерѕЇрїЁ_рѕЇрїЁ_рІ░рѕхрЅ│ #mombabycare #ethiomom #addisababa #gelagle",2025-04-02 07:18:20+00:00,
Zemen Express┬«,@ZemenExpress,6912,"­ЪњЦ­ЪњЦ...................................­ЪњЦ­ЪњЦ

­ЪЊїWaterproof┬а Baby Urine Mat Cover

Рюћ№ИЈрІЇрѕЃ рІерѕЏрІФрѕхрїѕрЅБ ріЦріЋрІ░рїѕріЊ рѕірЅ│рїарЅЦ рІерѕџрЅйрѕЇ рІерѕЋрЇЃріЋ рІерѕйріЋрЅх рѕЮріЋрїБрЇЇрЇб
Рюћ№ИЈ рЅарЅ░рїерѕЏрѕфрѕЮ рІ│рІГрЇљрѕГ рѕѕрѕўрЅђрІерѕГ рІерѕџрІФрїѕрѕѕрїЇрѕЇ

Рюћ№ИЈReusable 
Рюћ№ИЈWashable

Рџа№ИЈSize: 1m├Ќ80cm

рІІрїІрЇд┬а­Ъњх­ЪЈи 650рЅЦрѕГРюЁ

РЎд№ИЈрІЇрѕхріЋ рЇЇрѕг ріљрІЇ рІФрѕѕрІЇ ­ЪћЦ­ЪћЦ­ЪћЦ

­ЪЈб ріарІхрѕФрѕ╗­ЪЉЅ

­ЪЊЇРЎд№ИЈ#рѕўрїѕріЊріЏ_рѕўрѕ░рѕерЅх_рІ░рЇІрѕГ_рѕърѕЇ_рѕЂрѕѕрЅ░ріЏ_рЇјрЅЁ рЅбрѕ« рЅЂ. S05/S06


┬а┬а┬а┬а ­ЪњД­ЪњД­ЪњД­ЪњД


┬а┬а┬а ­ЪЊ▓ 0902660722
┬а┬а┬а ­ЪЊ▓ 0928460606 

­Ъћќ
­ЪњгрЅаTelegram рѕѕрѕЏрІўрІЮ Рцх№ИЈ рІГрїарЅђрѕЎ­Ъћй

@zemencallcenter 

@zemenexpressadmin

рѕѕрЅ░рїерѕЏрѕф рѕЏрЅЦрѕФрѕфрІФ рІерЅ┤рѕїрїЇрѕФрѕЮ рїѕрЇЃрЅйріЋРцх№ИЈ
https://telegram.me/zemenexpress

­ЪњЦ­ЪњЦ...................................­ЪњЦ­ЪњЦ",2025-06-09 12:49:32+00:00,../data/raw/photos\@ZemenExpress_6912.jpg
NEVA COMPUTER┬«,@nevacomputer,8230,"#LEGION R7000
­ЪЁЉ№Иј­ЪЁА№Иј­ЪЁљ№Иј­ЪЁЮ№Иј­ЪЁЊ№Иј : LENOVO 
Рюе­ЪЁЊ№Иј­ЪЁў№Иј­ЪЁб№Иј­ЪЁЪ№Иј­ЪЁЏ№Иј­ЪЁљ№Иј­ЪЁе№Иј: 15.6 2k 165HZ
Рюе­ЪЁњ№Иј­ЪЁЪ№Иј­ЪЁц№Иј: RYZEN 7 7735H (7000 serious)
Рюе­ЪЁА№Иј­ЪЁљ№Иј­ЪЁю№Иј:16GB DDR5
Рюе­ЪЁб№Иј­ЪЁБ№Иј­ЪЁъ№Иј­ЪЁА№Иј­ЪЁљ№Иј­ЪЁќ№Иј: 512 GB SSD
Рюе­ЪЁќ№Ијraphics: 8GB RTX 4060
Рюе­ЪЁъ№Иј­ЪЁб№Иј:window 10 pro
Рюе­ЪЁЉ№Иј­ЪЁљ№Иј­ЪЁБ№Иј­ЪЁБ№Иј­ЪЁћ№Иј­ЪЁА№Иј­ЪЁе№Иј:5hr 
Рюе­ЪЁб№Иј­ЪЁБ№Иј­ЪЁљ№Иј­ЪЁБ№Иј­ЪЁц№Иј­ЪЁб№Иј:  brand new 
Price ­ЪЉЄ
­ЪЊЕ@rasneva рѕѕріарїГрѕГ рѕўрѕЇріЦріГрЅх
 рІГрІ░рІЅрѕЅ Рўј№ИЈ
+251912759900
+251920153333

­ЪЈб ріарІхрѕФрѕ╗: - рѕўрїѕріЊріЏ рѕЏрѕФрЅХріЋ рІе рїѕрЅарІФ рѕЏріЦріерѕЇ рЅа рІІріЊрІЇ рѕўрїЇрЅбрІФ рѕўрѕгрЅх рѕІрІГ
рІѕрІГріЋрѕЮ рїЇрѕФрІЇріЋрІх рЇЇрѕјрѕГ рЅЦрЅЁ рІГрЅарѕЅ
 ­ЪЉЅріљрЅФ рі«рѕЮрЇњрІЇрЅ░рѕГ­ЪЉѕ рѕўрѕєріЉріЋ рІФрѕерїІрїЇрїА

рІхрѕЁрѕе рїѕрї╗рЅйріЋріЋ рІГрїјрЅЦріЎ
www.nevacomputer.com

рЅ┤рѕїрїЇрѕФрѕЮ рЅ╗ріЊрѕІрЅйріЋріЋ рІГрЅђрѕІрЅђрѕЅ

https://t.me/nevacomputer",2023-12-15 18:57:41+00:00,../data/raw/photos\@nevacomputer_8230.jpg
Fashion tera,@Fashiontera,2933,"сђ░сђ░сђ░сђ░сђ░сђ░сђ░
Adidas PALACE 
Made in  Vietnam 
 Size 41,42
Price 2500
(Free Delivery)
Inbox @Hiwe5266
рѕхрѕЇріГ +251945355266

    РЎд№ИЈ рЇІрѕйріЋ рЅ░рѕФ /Fashion TeraРЎд№ИЈ
          сђ░сђ░сђ░сђ░сђ░сђ░сђ░сђ░
ріарІхрѕФрѕ╗: ріарІ▓рѕх ріарЅарЅБ ,рїдрѕГ рѕђрІГрѕјрЅй рІхрѕфрѕЮ рЅ│рІѕрѕГ 2рЅ░ріЏ рЇјрЅЁ
рЅбрѕ« рЅЂрїЦрѕГ 205
сђ░сђ░сђ░сђ░сђ░",2022-06-28 13:59:53+00:00,../data/raw/photos\@Fashiontera_2933.jpg
Zemen Express┬«,@ZemenExpress,6134,"­ЪњЦ­ЪњЦ...................................­ЪњЦ­ЪњЦ

­ЪЊї Anti slip tape 

­ЪЉЇ рЅарѕўріЋрѕИрѕФрЅ░рЅх ріерѕџрЇѕрїарѕГ ріарІ░рїІ рІерѕџріерѕІріе
­ЪЉЇрѕѕрІ░рѕерїЃрІѕрЅй рЇБ рѕѕрѕхрігрЅх рЅдрѕГрІх рЇБ рѕѕрЅ│рІГрѕЇрѕх
┬а┬а┬а┬а┬а рѕѕріЦріЋрїерЅх рЇБ рѕѕрѕгрѕхрЅХрѕФріЋрЅх рЇБ рѕѕрѕўріќрѕфрІФ рЅцрЅх ріЦріЋрІ▓рѕЂрѕЮ рѕЏріЋріЏрІЇрѕЮ рІерѕџрІФріЋрѕИрѕФрЅхрЅх рЅдрЅ│ рѕІрІГ рЅ░рѕўрѕФрїГ 

Рџа№ИЈ5m ├Ќ 25mm рѕГрІЮрѕўрЅх рІерѕєріљ

рІІрїІрЇд┬а ­Ъњх­ЪЈи┬а 650 рЅЦрѕГ
┬а┬а┬а┬а┬а┬а┬а┬а┬а┬а┬а┬а┬а┬а┬а┬а┬а┬а┬а┬а┬а┬а 

РЎд№ИЈрІЇрѕхріЋ рЇЇрѕг ріљрІЇ рІФрѕѕрІЇ­ЪћЦ­ЪћЦ­ЪћЦ

­ЪЈб ріарІхрѕФрѕ╗­ЪЉЅ

­ЪЊЇрЅЂ.1№ИЈРЃБРЎд№ИЈрѕўрїѕріЊріЏ рѕўрѕ░рѕерЅх рІ░рЇІрѕГ рѕърѕЇ рѕЂрѕѕрЅ░ріЏ рЇјрЅЁ рЅбрѕ« рЅЂ. S05/S06

­ЪЊЇ рЅЂ.2№ИЈРЃБРЎд№ИЈрЇњрІФрѕ│ рїірІ«рѕГрїірѕх ріарІ░рЅБрЅБрІГ рѕФрѕўрЅх_рЅ│рЅдрѕГ_рідрІ│_рѕЁріЋрЇЃ 1ріЏ рЇјрЅЁ рѕ▒рЅЁ рЅЂ. G1 -107



┬а┬а┬а┬а ­ЪњД­ЪњД­ЪњД­ЪњД


┬а┬а┬а ­ЪЊ▓ 0902660722
┬а┬а┬а ­ЪЊ▓ 0928460606

РъА№ИЈ ­Ъћ┤рЇњрІФрѕ│ рЅЁрѕГріЋрїФрЇЇ 0960460606

­Ъћќ
­ЪњгрЅаTelegram рѕѕрѕЏрІўрІЮ Рцх№ИЈ рІГрїарЅђрѕЎ­Ъћй

@zemencallcenter 

@zemenexpressadmin

рѕѕрЅ░рїерѕЏрѕф рѕЏрЅЦрѕФрѕфрІФ рІерЅ┤рѕїрїЇрѕФрѕЮ рїѕрЇЃрЅйріЋРцх№ИЈ
https://telegram.me/zemenexpress

­ЪњЦ­ЪњЦ...................................­ЪњЦ­ЪњЦ",2025-01-30 17:17:32+00:00,
NEVA COMPUTER┬«,@nevacomputer,7746,"from Neva computer
#Saturday discount 
Get ready for limited discount 

#GAMING LAPTOP 


­ЪЁЉ№Иј­ЪЁА№Иј­ЪЁљ№Иј­ЪЁЮ№Иј­ЪЁЊ№Иј : ACER NITRO 
Рюе­ЪЁЊ№Иј­ЪЁў№Иј­ЪЁб№Иј­ЪЁЪ№Иј­ЪЁЏ№Иј­ЪЁљ№Иј­ЪЁе№Иј: 15.6РђЮ 1080 RGB PER KEY and 144HZ 
Рюе­ЪЁњ№Иј­ЪЁЪ№Иј­ЪЁц№Иј: RYZEN 5 5000 serious 6core and 12cpu ­ЪћЦ­Ъњф­ЪЈй­Ъњф­ЪЈй 
Рюе­ЪЁА№Иј­ЪЁљ№Иј­ЪЁю№Иј:16GB ­ЮЌЌ­ЮЌЌ­ЮЌЦ4 
Рюе­ЪЁб№Иј­ЪЁБ№Иј­ЪЁъ№Иј­ЪЁА№Иј­ЪЁљ№Иј­ЪЁќ№Иј: 256GB SSD AND 1TB HDD 
Рюе­ЪЁќ№Иј­ЪЁА№Иј­ЪЁљ№Иј­ЪЁЪ№Иј­ЪЁЌ№Иј­ЪЁў№Иј­ЪЁњ№Иј­ЪЁб№Иј: 4GB 1650 NIVIDIA GTX GRAPHICS   
Рюе­ЪЁъ№Иј­ЪЁб№Иј:­Юўё­ЮЌХ­ЮЌ╗­ЮЌ▒­ЮЌ╝­Юўё­Юўђ 11 pro 22H2 with nitro sense 
Рюе­ЪЁЉ№Иј­ЪЁљ№Иј­ЪЁБ№Иј­ЪЁБ№Иј­ЪЁћ№Иј­ЪЁА№Иј­ЪЁе№Иј: 4hr ­ЮЌй­ЮЌ╣­Юўѓ­Юўђ
Рюе­ЪЁб№Иј­ЪЁБ№Иј­ЪЁљ№Иј­ЪЁБ№Иј­ЪЁц№Иј­ЪЁб№Иј: Open Box 

ADDITIONAL-PACKAGE 
ORIGINALРюЁ  
DIGITAL COOLING PAD WITH RGB COLOUR.YOU CAN MONITOR THE COLOUR AND RPM OF THE FAN 
Price  ­ЪЉЄ­ЪЈЙ
­ЪЊЕ@rasneva рѕѕріарїГрѕГ рѕўрѕЇріЦріГрЅх
 рІГрІ░рІЅрѕЅ Рўј№ИЈ
+251912759900
+251920153333

­ЪЈб ріарІхрѕФрѕ╗ : - рѕўрїѕріЊріЏ рѕЏрѕФрЅХріЋ рІе рїѕрЅарІФ рѕЏріЦріерѕЇ рЅа рІІріЊрІЇ рѕўрїЇрЅбрІФ рѕўрѕгрЅх рѕІрІГ
рІѕрІГріЋрѕЮ рїЇрѕФрІЇріЋрІх рЇЇрѕјрѕГ рЅЦрЅЁ рІГрЅарѕЅ
 ­ЪЉЅріљрЅФ рі«рѕЮрЇњрІЇрЅ░рѕГ­ЪЉѕ рѕўрѕєріЉріЋ рІФрѕерїІрїЇрїА

рІхрѕЁрѕе рїѕрї╗рЅйріЋріЋ рІГрїјрЅЦріЎ
www.nevacomputer.com

рЅ┤рѕїрїЇрѕФрѕЮ рЅ╗ріЊрѕІрЅйріЋріЋ рІГрЅђрѕІрЅђрѕЅ

https://t.me/nevacomputer

     ""­ЪЁЮ№Иј­ЪЁћ№Иј­ЪЁЦ№Иј­ЪЁљ№Иј   ­ЪЁњ№Иј­ЪЁъ№Иј­ЪЁю№Иј­ЪЁЪ№Иј­ЪЁц№Иј­ЪЁБ№Иј­ЪЁћ№Иј­ЪЁА№Иј""",2023-07-14 15:16:58+00:00,../data/raw/photos\@nevacomputer_7746.jpg
рѕЇрІЕ ріЦрЅЃ,@Leyueqa,6912,"­Ъћа­Ъћа­Ъћа­Ъћа­Ъћа­Ъћа­ЪњАРъЋ#рІерЅйрЅарѕх_рѕўрїЦрЅарѕ╗ 
┬а рІерѕџрІГрІўрІЇ рѕўрїаріЋ ріерЅхріЋрѕй рІўрІГрЅх ріЦрѕхріе
 3рѕірЅхрѕГРъА№ИЈрЅ│рІГрѕўрѕГ рІФрѕѕрІЅ
­ЪЇЪ рѕѕрЅйрЅЦрѕх ­ЪЇЌрѕѕрІХрѕ« ­ЪЇћрѕѕрЅарѕГрїѕрѕГ рѕхрїІ ­ЪЦЪрѕѕрѕ│рѕЮрЅАрѕ│┬а┬а 
┬а┬а┬а┬а┬а┬а┬а рѕѕрѕџрїарЅБрЅарѕ▒ ріљрїѕрѕ«рЅй

Рюћ№ИЈрІІрїІ 3рѕірЅхрѕГ РъА№ИЈ3999 рЅЦрѕГ ріеріљрЇЃ рІ▓рѕірЅерѕф рїІрѕГ
┬а┬а┬а рІЇрѕхріЋ рЇЇрѕг ріљрІЇ рІФрѕѕріЋ рІ░рІЇрѕѕрІЇ рІГрІўрІЎріЋ
┬а┬а┬а┬а 
┬а┬аріеріљрЇЃ_рІ▓рѕірЅерѕф_рїІрѕГ
#ріГрЇЇрІФрІјріЋ_ рІЋрЅЃрІЅ _ріЦрїЁрІј рѕ▓рІ░рѕГрѕх_ріерЇѕрѕѕрїЅ_рЅаріФрѕй_ріарѕЇрІФрѕЮ_рЅарѕърЅБрІГрѕЇ_рЅБріЋріфріЋрїЇ_рѕўрЇѕрЇђрѕЮ_рІГрЅйрѕІрѕЅ рЅарЅ░рїерѕЏрѕф #ріе_1000_рЅЦрѕГ рЅарѕІрІГ рІерѕџрЅ░рѕўріЉ #рѕЂрѕѕрЅх_рІЋрЅЃрІјрЅй рЅаріаріЋрІхрІ▓рѕірЅерѕф рїЇрІю┬а рѕ▓рІФрІЎ рѕхрїдрЅ│ ріЦріЋрѕЇріГрѕѕрІјрЅ│рѕѕріЋ 

┬а┬а┬а┬а┬аріеріљрЇЃ рІ▓рѕірЅерѕф рїІрѕГ
­ЪџЌрІФрѕЅрЅарЅх рЅдрЅ│ рІхрѕерѕх рЅаріљрї╗ ріЦріЊрІ░рѕГрѕ│рѕѕріЋ (Free Delivery)РГЋ№ИЈ2рІЋрЅЃ ріе1 рѕ║ рЅЦрѕГ рЅарѕІрІГ рІерѕџрЅ░рѕўріЉ рІЋрЅЃрІјрЅй рѕ▓рїѕрІЎ рѕхрїдрЅ│­Ъјђ ріарІўрїІрїЁрЅ░ріЊрѕЇ

┬а┬а 0933334444┬а @LeMazez_z
┬а┬а 0944109295 @Lemaze_z
┬а┬а 0946242424 @Le_Mazez",2025-03-14 11:06:02+00:00,../data/raw/photos\@Leyueqa_6912.jpg
Fashion tera,@Fashiontera,3181,"Rolex Watches (Men­ЪЋ║)
(Free Delivery)
Inbox @Hiwe5266
рѕхрѕЇріГ +251945355266

    РЎд№ИЈ рЇІрѕйріЋ рЅ░рѕФ /Fashion TeraРЎд№ИЈ
          сђ░сђ░сђ░сђ░сђ░сђ░сђ░сђ░
ріарІхрѕФрѕ╗: ріарІ▓рѕх ріарЅарЅБ ,рїдрѕГ рѕђрІГрѕјрЅй рІхрѕфрѕЮ рЅ│рІѕрѕГ 2рЅ░ріЏ рЇјрЅЁ
рЅбрѕ« рЅЂрїЦрѕГ 205
сђ░сђ░сђ░сђ░сђ░",2022-12-09 15:34:59+00:00,../data/raw/photos\@Fashiontera_3181.jpg
Zemen Express┬«,@ZemenExpress,6498,"­ЪњЦ­ЪњЦ..........................­ЪњЦ­ЪњЦ
┬а┬а┬а┬а┬а┬а┬а┬а┬а┬а┬а┬а┬а┬а┬а рѕўрѕЇріФрѕЮ рЅаріарѕЇ
┬а┬а┬а┬а┬а┬а┬а┬а┬а┬а┬а┬а┬а┬а┬а┬а┬а┬а┬а┬а┬а┬а┬а 


­ЪЊї4 set seasoning bottles 

­ЪЉЇ2 рЇЇрѕг рІерІўрІГрЅх ріЦріЊ ріарЅ╝рЅХ рѕўрЅђріљрѕ╗
­ЪЉЇ2 рЇЇрѕг рІерЅЁрѕўрѕЮ рѕўрЅђріљрѕ╗ ріЦріЊ рІерѕФрѕ▒ рѕўріљрѕхріљрѕ╗ рІФрѕѕрІЇ
­ЪЉЇрІерѕФрѕ▒ рѕЏрѕхрЅђрѕўрїФ рІФрѕѕрІЇ

┬арІІрїІрЇд┬а ­Ъњх­ЪЈи┬а 1500 рЅЦрѕГ

РЎд№ИЈрІЇрѕхріЋ рЇЇрѕг ріљрІЇ рІФрѕѕрІЇ ­Ъўђ­Ъўђ­Ъўђ

­ЪЈб ріарІхрѕФрѕ╗­ЪЉЅ

­ЪЊЇРЎд№ИЈ#рѕўрїѕріЊріЏ_рѕўрѕ░рѕерЅх_рІ░рЇІрѕГ_рѕърѕЇ_рѕЂрѕѕрЅ░ріЏ_рЇјрЅЁ рЅбрѕ« рЅЂ. S05/S06


┬а┬а┬а┬а ­ЪњД­ЪњД­ЪњД­ЪњД


┬а┬а┬а ­ЪЊ▓ 0902660722
┬а┬а┬а ­ЪЊ▓ 0928460606 

­Ъћќ
­ЪњгрЅаTelegram рѕѕрѕЏрІўрІЮ Рцх№ИЈ рІГрїарЅђрѕЎ­Ъћй

@zemencallcenter 

@zemenexpressadmin

рѕѕрЅ░рїерѕЏрѕф рѕЏрЅЦрѕФрѕфрІФ рІерЅ┤рѕїрїЇрѕФрѕЮ рїѕрЇЃрЅйріЋРцх№ИЈ
https://telegram.me/zemenexpress

­ЪњЦ­ЪњЦ...................................­ЪњЦ­ЪњЦ",2025-04-14 05:43:33+00:00,../data/raw/photos\@ZemenExpress_6498.jpg
Fashion tera,@Fashiontera,3015,"Rolex 
Price 1650 (With Gift Box )
(Free Delivery)
Inbox @Hiwe5266
рѕхрѕЇріГ +251945355266

    РЎд№ИЈ рЇІрѕйріЋ рЅ░рѕФ /Fashion TeraРЎд№ИЈ
          сђ░сђ░сђ░сђ░сђ░сђ░сђ░сђ░
ріарІхрѕФрѕ╗: ріарІ▓рѕх ріарЅарЅБ ,рїдрѕГ рѕђрІГрѕјрЅй рІхрѕфрѕЮ рЅ│рІѕрѕГ 2рЅ░ріЏ рЇјрЅЁ
рЅбрѕ« рЅЂрїЦрѕГ 205
сђ░сђ░сђ░сђ░сђ░",2022-09-04 15:23:19+00:00,../data/raw/photos\@Fashiontera_3015.jpg
рѕЇрІЕ ріЦрЅЃ,@Leyueqa,7604,"­ЪјЂ­ЪјЂ­ЪјЂPortable Electric Lunch Box

РЈЕрІеріцрѕїріГрЅхрѕфріГ рѕЏрѕърЅѓрІФ рІФрѕѕрІЇ рІерѕЮрѕ│ ріЦрЅЃ РЎе№ИЈ
РЈЕріерІџрѕЁ рЅаріІрѕІ рІерІФрІЮріЕрЅх рѕЮрїЇрЅЦ рІГрЅђрІўрЅЁрІЮрЅЦріЏрѕЇ рЅЦрѕѕрІЇ ріарІГрѕхрїЅ

РГљ№ИЈрЅарЅбрѕ«рІј рІЇрѕхрїЦ
РГљ№ИЈрѕѕрѕЇрїєрЅй рЅхрѕЮрѕЁрѕГрЅх рЅцрЅх
РГљ№ИЈрЅарѕЏріЋріЏрІЅрѕЮ рѕ░ріарЅх рЅарѕЏріЋріЏрІЅрѕЮ рїірІю ріЋрЇЂ ріЦріЊ рЅхріЕрѕх рѕЮрїЇрЅЦ рІГрѕўрїѕрЅА
Рюерѕѕ рѕЁрЇЃріЊрЅхрѕЮ рѕєріљ рѕѕріарІІрЅѓрІјрЅй рѕЮрЅ╣ рЅ░рІ░рѕГрїј рІерЅ░рІўрїІрїђ

­ЪД╝рѕѕрѕЏрїйрІ│рЅх рЅђрѕІрѕЇ

­ЪћЦCooking_Lunch_Box
РџА№ИЈ#Material: Stainless Steel+ Plastic
РџА№ИЈ#Power: 40W
РџА№ИЈ#Voltage: 220V
РџА№ИЈ#Capicity: 1.05L (Rice Box 0.6L, Dish Box 0.45L)

#Package_Includes
1├Ќ Lunch Box
1├Ќ Home Adapter
1├Ќ Car Adapter

­Ъћ┤Available_Color: Blue, Green, 
                                 Orange, Red

­ЪњхрІІрїІрЇд┬а┬а1,550 рЅЦрѕГ рЅдрѕГрѕ│ рІерѕѕрІЅрѕЮ­Ъўђ ­Ъњх


#ріГрЇЇрІФрІјріЋ_ рІЋрЅЃрІЅ _ріЦрїЁрІј рѕ▓рІ░рѕГрѕх_ріерЇѕрѕѕрїЅ_рЅаріФрѕй_ріарѕЇрІФрѕЮ_рЅарѕърЅБрІГрѕЇ_рЅБріЋріфріЋрїЇ_рѕўрЇѕрЇђрѕЮ_рІГрЅйрѕІрѕЅ рЅарЅ░рїерѕЏрѕф #ріе_1000_рЅЦрѕГ рЅарѕІрІГ рІерѕџрЅ░рѕўріЉ #рѕЂрѕѕрЅх_рІЋрЅЃрІјрЅйріЋ_ рѕ▓рїѕрІЎ рѕхрїдрЅ│ ріЦріЋрѕЇріГрѕѕрІјрЅ│рѕѕріЋ 
­ЪјЂ T.me/Leyueqa ­ЪЉѕрЅ╗ріЊрѕІрЅйріЋріЋ рѕѕрїЊрІ░ріЏрІј рѕИрѕГ рѕЏрІхрѕерїЇрІјріЋ ріарІГрѕГрѕ▒ 
┬а┬а┬а┬а┬а┬а┬а┬а┬а┬а┬а
┬а┬а┬а┬а┬а┬а┬а┬а┬а┬а
┬а┬а┬а┬а┬а┬а┬а┬а┬а┬а┬а 0933334444 @LeMazez_z
┬а┬а┬а┬а┬а┬а┬а┬а┬а┬а┬а 0944109295 @Lemaze_z
┬а┬а┬а┬а┬а┬а┬а┬а┬а┬а┬а 0946242424 @Le_Mazez",2025-06-20 10:47:45+00:00,
рѕЇрІЕ ріЦрЅЃ,@Leyueqa,7151,"­Ъћа­Ъћа­Ъћа­Ъћа­Ъћа­ЪњА­Ъћа­Ъћа­Ъћа­Ъћа70рѕ┤.рѕю рІхрѕерѕх рІерїјріЋ рѕ│рІГрІЮ рІФрѕІрЅИрІЅ рѕѕрѕЏріЋріЏрІЅрѕЮ рЇЇрѕфрїЁ+рѕѕрідрЅГріЋ+рѕѕрІ▓рЇЋ рЇЇрѕфрІЮ рѕЏрѕхрЅђрѕўрїЦ рІѕрІГрѕЮ рЅарЅђрѕІрѕЅ рѕЏріЋрЅђрѕ│рЅђрѕх рІерѕџрІФрѕхрЅйрѕЇ
­ЪЁ░ Adjustable Base For Washing amachine & Refrigerator

­ЪЉїрІерЇЇрѕфрїЁрЇБ рѕЏрѕхрЅђрѕўрїФ рѕЏріЋрЅђрѕ│рЅђрѕ╗┬а рІерѕФрѕхрІјріЋ┬а ріЦріЊ рІерІЋрЅЃрІјріЋ рІ░рѕЁріЋріљрЅх рІГрїарЅЦрЅЂ!┬а 
Рё╣ рѕѕрЅцрЅхрІј рЅбрѕЅ рѕѕрѕхрѕФ рЅдрЅ│ рІерѕџрѕєріЋ 
РџА ріЦрІФріЋрІ│ріЋрІ│рЅИрІЅ ріе49_70 рѕ│.рѕю рІхрѕерѕх рѕўрѕѕрїарїЦ рІерѕџрЅйрѕЇ 
­ЪїЙheight 10cm
­ЪЉЅ load 200kg
┬а┬а┬а┬а┬а┬а┬а┬а┬а┬арІІрїІ Рюћ№ИЈ2200 рЅЦрѕГ ріеріљрЇЃ рІ▓рѕірЅерѕф рїІрѕГ

РЮЌ№ИЈрІерѕърЅ░рѕГ ріаріЊрѕхріерЇЇрѕЇрѕЮРЮЌ№ИЈ

#ріГрЇЇрІФрІјріЋ_ рІЋрЅЃрІЅ _ріЦрїЁрІј рѕ▓рІ░рѕГрѕх_ріерЇѕрѕѕрїЅ_рЅаріФрѕй_ріарѕЇрІФрѕЮ_рЅарѕърЅБрІГрѕЇ_рЅБріЋріфріЋрїЇ_рѕўрЇѕрЇђрѕЮ_рІГрЅйрѕІрѕЅ рЅарЅ░рїерѕЏрѕф #ріе_1000_рЅЦрѕГ рЅарѕІрІГ рІерѕџрЅ░рѕўріЉ #рѕЂрѕѕрЅх_рІЋрЅЃрІјрЅйріЋ_ рѕ▓рїѕрІЎ рѕхрїдрЅ│ ріЦріЋрѕЇріГрѕѕрІјрЅ│рѕѕріЋ 
­ЪјЂ T.me/Leyueqa ­ЪЉѕрЅ╗ріЊрѕІрЅйріЋріЋ рѕѕрїЊрІ░ріЏрІј рѕИрѕГ рѕЏрІхрѕерїЇрІјріЋ ріарІГрѕГрѕ▒ 
┬а┬а┬а┬а┬а┬а┬а┬а┬а┬а┬а­ЪЉЅ рІФрѕЅрЅарЅх рІхрѕерѕх рЅаріљрЇЃ ріЦріЊрІ░рѕГрѕ│рѕѕріЋ ­ЪџЌ
┬а┬а┬а┬а┬а┬а┬а┬а┬а┬а
┬а┬а┬а┬а┬а┬а┬а┬а┬а┬а 0933334444 @LeMazez_z
┬а┬а┬а┬а┬а┬а┬а┬а┬а┬а┬а 0944109295 @Lemaze_z
┬а┬а┬а┬а┬а┬а┬а┬а┬а┬а┬а 0946242424 @Le_Mazez",2025-04-15 06:40:05+00:00,
Zemen Express┬«,@ZemenExpress,6983,"­ЪњЦ­ЪњЦ...................................­ЪњЦ­ЪњЦ

­ЪЊї1 pairs Sneaker Crease Protector

рІІрїІрЇд┬а ­Ъњх­ЪЈи 400 рЅЦрѕГ

РЎд№ИЈрІЇрѕхріЋ рЇЇрѕг ріљрІЇ рІФрѕѕрІЇ­ЪћЦ­ЪћЦ­ЪћЦ

­ЪЈб ріарІхрѕФрѕ╗­ЪЉЅ

­ЪЊЇРЎд№ИЈ#рѕўрїѕріЊріЏ_рѕўрѕ░рѕерЅх_рІ░рЇІрѕГ_рѕърѕЇ_рѕЂрѕѕрЅ░ріЏ_рЇјрЅЁ рЅбрѕ« рЅЂ. S05/S06


┬а┬а┬а┬а ­ЪњД­ЪњД­ЪњД­ЪњД


┬а┬а┬а ­ЪЊ▓ 0902660722
┬а┬а┬а ­ЪЊ▓ 0928460606 

­Ъћќ
­ЪњгрЅаTelegram рѕѕрѕЏрІўрІЮ Рцх№ИЈ рІГрїарЅђрѕЎ­Ъћй

@zemencallcenter 

@zemenexpressadmin

рѕѕрЅ░рїерѕЏрѕф рѕЏрЅЦрѕФрѕфрІФ рІерЅ┤рѕїрїЇрѕФрѕЮ рїѕрЇЃрЅйріЋРцх№ИЈ
https://telegram.me/zemenexpress

­ЪњЦ­ЪњЦ...................................­ЪњЦ­ЪњЦ",2025-06-21 05:42:19+00:00,../data/raw/photos\@ZemenExpress_6983.jpg
рѕўріљрѕ╗рІг,@meneshayeofficial,735,"RC Robot with light/singing/dancing/USB charging line

рЅарѕфрѕърЅх рІерѕџрѕ░рѕФ рІ│ріЋрѕ░ріЏ рѕ«рЅдрЅх

­ЪЉЅрЅ╗рѕГрїЁ рЅарѕЏрІхрѕерїЇ рЅЦрЅ╗ рІерѕџрїФрІѕрЅ▒рЅарЅх
­ЪЉЅрІерЅ░рѕѕрІФрІЕ ріГрЇЇрѕјрЅ╣ріЋ рЅарѕфрѕърЅх рѕЏріЋрЅђрѕ│рЅђрѕх рІерѕџрЅ╗рѕЇ
­ЪЉЅ32рѕ┤.рѕю рЅЂрѕўрЅх рІФрѕѕрІЇ
­ЪЉЅріарІЮріЊріЮ рѕЎрІџрЅЃ рІФрѕѕрІЇ
­ЪЉЅрѕфрѕърЅ▒ рЅарѕерІЦрѕЮ рѕГрЅђрЅх рІЇрѕхрїЦ рІерѕџрѕ░рѕФ
­ЪЉЅріарІЮріЊріЮ ріЦріЋрЅЁрѕхрЅЃрѕ┤ріЋ рІерѕџрІФрІ░рѕГрїЇ
­ЪЉЅрІерѕЇрїєрЅйріЋ рІерЅ░рїЇрЅБрЅдрЅх ріГрѕЁрѕјрЅх рІерѕџрїерѕЮрѕГ
­ЪЉЅрѕ│рІГрѕ░рѕІрЅ╣ рѕѕрѕерІЦрѕЮ рїірІю рІерѕџрїФрІѕрЅ▒рЅарЅх
­ЪЉЅрѕЇрїєрЅй ріЋрЅЂріЊ рЅђрѕЇрїБрЇІ ріЦрІ▓рѕєріЉ рІерѕџрІФрїЇрІЮ
­ЪЉЅрІерѕЇрїєрЅйріЋ рІерѕхрѕюрЅх рѕЁрІІрѕ│рЅх рІерѕџрІФріљрЅЃрЅЃ
­ЪЉЅрѕѕрЅхріЋріЋрѕй рѕЇрїєрЅйрІј рѕЮрѕГрїЦ рѕхрїдрЅ│ рѕўрѕєріЋ рІерѕџрЅйрѕЇ
­ЪЉЅрїаріЊріФрѕФріЊ рЅарїЦрѕФрЅх рІерЅ░рѕўрѕерЅ░


рІІрїІ 4500

ріарІхрѕФрѕ╗рЇд
­ЪЊЇрїЅрѕГрІх рѕЙрѕІ рѕєрѕі рѕ▓рЅ▓ рѕ┤ріЋрЅ░рѕГ 3ріЏ рЇјрЅЁ
рІГрѕЮрїА рЅарѕўріљрѕ╗рІг рІерѕЇрїЁрІјріЋ рѕўріљрѕ╗ рІФрЅЁрѕЇрѕЅ!

рІГрІ░рІЇрѕЅ 0989939393 рІѕрІГрѕЮ 0930323334

Telegram > http://t.me/meneshayeofficial
Tiktok > http://tiktok.com/@meneshayeofficial
Facebook > http://facebook.com/@meneshayeofficial

#robots #dancingrobot
#brand #рѕЇрїєрЅй #рІхріЋрЅЁрѕЇрїєрЅй #Deycare #babytoy #addisabeba #ethiopia #tiktokers #toy #kidstore┬а #store #educationaltoys #meneshaye
#meneshayestore",2024-02-15 07:29:59+00:00,../data/raw/photos\@meneshayeofficial_735.jpg
Fashion tera,@Fashiontera,3333,"VIGUER Automatic Watches (Men)
Price 3500 (With gift box )
(Free Delivery)
Inbox @Hiwe5266
рѕхрѕЇріГ +251945355266

    РЎд№ИЈ рЇІрѕйріЋ рЅ░рѕФ /Fashion TeraРЎд№ИЈ
          сђ░сђ░сђ░сђ░сђ░сђ░сђ░сђ░
ріарІхрѕФрѕ╗: ріарІ▓рѕх ріарЅарЅБ ,рїдрѕГ рѕђрІГрѕјрЅй рІхрѕфрѕЮ рЅ│рІѕрѕГ 2рЅ░ріЏ рЇјрЅЁ
рЅбрѕ« рЅЂрїЦрѕГ 205
сђ░сђ░сђ░сђ░сђ░",2023-04-14 09:42:11+00:00,../data/raw/photos\@Fashiontera_3333.jpg
Zemen Express┬«,@ZemenExpress,6135,"­ЪњЦ­ЪњЦ...................................­ЪњЦ­ЪњЦ

­ЪЊї Anti slip tape 

­ЪЉЇ рЅарѕўріЋрѕИрѕФрЅ░рЅх ріерѕџрЇѕрїарѕГ ріарІ░рїІ рІерѕџріерѕІріе
­ЪЉЇрѕѕрІ░рѕерїЃрІѕрЅй рЇБ рѕѕрѕхрігрЅх рЅдрѕГрІх рЇБ рѕѕрЅ│рІГрѕЇрѕх
┬а┬а┬а┬а┬а рѕѕріЦріЋрїерЅх рЇБ рѕѕрѕгрѕхрЅХрѕФріЋрЅх рЇБ рѕѕрѕўріќрѕфрІФ рЅцрЅх ріЦріЋрІ▓рѕЂрѕЮ рѕЏріЋріЏрІЇрѕЮ рІерѕџрІФріЋрѕИрѕФрЅхрЅх рЅдрЅ│ рѕІрІГ рЅ░рѕўрѕФрїГ 

Рџа№ИЈ5m ├Ќ 25mm рѕГрІЮрѕўрЅх рІерѕєріљ

рІІрїІрЇд┬а ­Ъњх­ЪЈи┬а 650 рЅЦрѕГ
┬а┬а┬а┬а┬а┬а┬а┬а┬а┬а┬а┬а┬а┬а┬а┬а┬а┬а┬а┬а┬а┬а 

РЎд№ИЈрІЇрѕхріЋ рЇЇрѕг ріљрІЇ рІФрѕѕрІЇ­ЪћЦ­ЪћЦ­ЪћЦ

­ЪЈб ріарІхрѕФрѕ╗­ЪЉЅ

­ЪЊЇрЅЂ.1№ИЈРЃБРЎд№ИЈрѕўрїѕріЊріЏ рѕўрѕ░рѕерЅх рІ░рЇІрѕГ рѕърѕЇ рѕЂрѕѕрЅ░ріЏ рЇјрЅЁ рЅбрѕ« рЅЂ. S05/S06

­ЪЊЇ рЅЂ.2№ИЈРЃБРЎд№ИЈрЇњрІФрѕ│ рїірІ«рѕГрїірѕх ріарІ░рЅБрЅБрІГ рѕФрѕўрЅх_рЅ│рЅдрѕГ_рідрІ│_рѕЁріЋрЇЃ 1ріЏ рЇјрЅЁ рѕ▒рЅЁ рЅЂ. G1 -107



┬а┬а┬а┬а ­ЪњД­ЪњД­ЪњД­ЪњД


┬а┬а┬а ­ЪЊ▓ 0902660722
┬а┬а┬а ­ЪЊ▓ 0928460606

РъА№ИЈ ­Ъћ┤рЇњрІФрѕ│ рЅЁрѕГріЋрїФрЇЇ 0960460606

­Ъћќ
­ЪњгрЅаTelegram рѕѕрѕЏрІўрІЮ Рцх№ИЈ рІГрїарЅђрѕЎ­Ъћй

@zemencallcenter 

@zemenexpressadmin

рѕѕрЅ░рїерѕЏрѕф рѕЏрЅЦрѕФрѕфрІФ рІерЅ┤рѕїрїЇрѕФрѕЮ рїѕрЇЃрЅйріЋРцх№ИЈ
https://telegram.me/zemenexpress

­ЪњЦ­ЪњЦ...................................­ЪњЦ­ЪњЦ",2025-01-30 17:18:12+00:00,../data/raw/photos\@ZemenExpress_6135.jpg
NEVA COMPUTER┬«,@nevacomputer,8316,"#budget laptop
­ЪЁЉ№Иј­ЪЁА№Иј­ЪЁљ№Иј­ЪЁЮ№Иј­ЪЁЊ№Иј : hp X360 
Рюе­ЪЁЊ№Иј­ЪЁў№Иј­ЪЁб№Иј­ЪЁЪ№Иј­ЪЁЏ№Иј­ЪЁљ№Иј­ЪЁе№Иј: 12РђЮ touch screen convertible 
Рюе­ЪЁњ№Иј­ЪЁЪ№Ијu: intel inside Quad-core processor  6th generation 
Рюе­ЪЁА№Иј­ЪЁљ№Иј­ЪЁю№Иј:4GB ­ЮЌЌ­ЮЌЌ­ЮЌЦ4
Рюе­ЪЁб№Иј­ЪЁБ№Иј­ЪЁъ№Иј­ЪЁА№Иј­ЪЁљ№Иј­ЪЁќ№Иј: 512GB SSD 
Рюе­ЪЁќ№Иј­ЪЁА№Иј­ЪЁљ№Иј­ЪЁЪ№Иј­ЪЁЌ№Иј­ЪЁў№Иј­ЪЁњ№Иј­ЪЁб№Иј: Intel hd graphics 
Рюе­ЪЁъ№Иј­ЪЁб№Иј:window 10 pro
Рюе­ЪЁЉ№Иј­ЪЁљ№Иј­ЪЁБ№Иј­ЪЁБ№Иј­ЪЁћ№Иј­ЪЁА№Иј­ЪЁе№Иј: 5hr РюЁ 
Рюе­ЪЁб№Иј­ЪЁБ№Иј­ЪЁљ№Иј­ЪЁБ№Иј­ЪЁц№Иј­ЪЁб№Иј:  NEW  
Price  17000 birr
­ЪЊЕ@rasneva рѕѕріарїГрѕГ рѕўрѕЇріЦріГрЅх
 рІГрІ░рІЅрѕЅ Рўј№ИЈ
+251912759900
+251920153333

­ЪЈб ріарІхрѕФрѕ╗: - рѕўрїѕріЊріЏ рѕЏрѕФрЅХріЋ рІе рїѕрЅарІФ рѕЏріЦріерѕЇ рЅа рІІріЊрІЇ рѕўрїЇрЅбрІФ рѕўрѕгрЅх рѕІрІГ
рІѕрІГріЋрѕЮ рїЇрѕФрІЇріЋрІх рЇЇрѕјрѕГ рЅЦрЅЁ рІГрЅарѕЅ
 ­ЪЉЅріљрЅФ рі«рѕЮрЇњрІЇрЅ░рѕГ­ЪЉѕ рѕўрѕєріЉріЋ рІФрѕерїІрїЇрїА

рІхрѕЁрѕе рїѕрї╗рЅйріЋріЋ рІГрїјрЅЦріЎ
www.nevacomputer.com

рЅ┤рѕїрїЇрѕФрѕЮ рЅ╗ріЊрѕІрЅйріЋріЋ рІГрЅђрѕІрЅђрѕЅ

https://t.me/nevacomputer",2024-01-11 11:26:49+00:00,../data/raw/photos\@nevacomputer_8316.jpg
NEVA COMPUTER┬«,@nevacomputer,8103,"The Alienware m15 Ryzen Edition R5 is engineered to offer variety. Whatever your gaming needs are, this laptop is here to not only meet them, but exceed them by raising the standard for display technologies.
Fast is a given: The latest m15 R5 comes standard with an impressive refresh rate of 165Hz. Plus, an FHD resolution with the comfort of reduced blue light emissions keep you deep in the game without reducing image quality.
Uninterrupted gaming: Speed was the goal; better gaming is the result. A 240Hz configuration increases the resolution to QHD which leads to an incredible amount of pixels at an exceptionally fast refresh rate to ensure your games look great and feel smooth.
Our fastest refresh rate: We didn't stop until we accomplished the previously impossible.",2023-11-28 12:15:47+00:00,../data/raw/photos\@nevacomputer_8103.jpg
рѕЇрІЕ ріЦрЅЃ,@Leyueqa,6748,"­Ъћа­Ъћа­Ъћа­Ъћа­ЪћарЅарІџрѕЁ рѕЎрЅђрЅх ріЦріЋрІ░рІџрѕЁ ріарІГріљрЅх рі│рѕірЅ▓ рІерІЅрѕђ рі«рІ│  ріарІФрѕхрЇѕрѕЇрїѕріЋрѕЮРЮЊ

РюЁ ріерѕІрІГ рѕўрїарїФріЊ рѕхрЅхрѕ« рІФрѕѕрІЅ
РюЁ ріерїаріЋріФрѕФ рѕЏрЅ┤рѕфрІФрѕЇ рІерЅ░рѕ░рѕФ 
РюЁ рЅбрІѕрІхрЅЁ рЅарЅђрѕІрѕЅ рІерѕЏрІГрѕ░рЅарѕГ 
РюЁрЅарЅ░рѕѕрІФрІе рІеріерѕѕрѕГ ріарѕЏрѕФрїГ рІерЅђрѕерЅа 

┬а┬а┬а┬а┬а┬а┬а┬а рЅа Рюћ№ИЈ900
┬а┬а┬а┬а
┬а ­ЪјЂ T.me/Leyueqa ­ЪЉѕрЅ╗ріЊрѕІрЅйріЋріЋ рѕѕрїЊрІ░ріЏрІј рѕИрѕГ рѕЏрІхрѕерїЇрІјріЋ ріарІГрѕГрѕ▒
┬а┬а┬а┬а┬а┬а┬а┬а┬а┬а┬а
┬а┬а┬а┬а┬а┬а┬а┬а┬а┬а┬а 0933334444 @LeMazez_z 
┬а┬а┬а┬а┬а┬а┬а┬а┬а┬а┬а 0944109295 @Lemaze_z
┬а┬а┬а┬а┬а┬а┬а┬а┬а┬а┬а 0946242424 @Le_Mazez",2025-02-20 11:04:21+00:00,
рѕЇрІЕ ріЦрЅЃ,@Leyueqa,7552,"­ЪћЦ­ЪћЦSOKANY Kettles Electric - Fast Boiling Kettles( рІерІЇрѕђ рѕЏрЇЇрІФ ) 2.5L 1500W Removable Washable
price 2550­Ъњх

­Ъћ┤ріеріљрЇЃ рІ▓рѕірЅерѕф рїІрѕГ­Ъћ┤
#ріГрЇЇрІФрІјріЋ_рЅарѕърЅБрІГрѕЇ_рЅБріЋріфріЋрїЇ_рѕўрЇѕрЇђрѕЮрѕЮ_рІГрЅйрѕІрѕЅ рЅарЅ░рїерѕЏрѕф #ріе_1000_рЅЦрѕГ рЅарѕІрІГ рІерѕєріЉ #рѕЂрѕѕрЅх_рІЋрЅЃрІјрЅй рѕ▓рїѕрІЎ рѕхрїдрЅ│ ріЦріЋрѕЇріГрѕѕрІјрЅ│рѕѕріЋ 
­ЪјЂ T.me/Leyueqa ­ЪЉѕрЅ╗ріЊрѕІрЅйріЋріЋ рѕѕрїЊрІ░ріЏрІј рѕИрѕГ рѕЏрІхрѕерїЇрІјріЋ ріарІГрѕГрѕ▒ 
┬а┬а 
┬а┬а┬а┬а┬а┬а┬а┬а┬а┬а┬а 0946242424 @Le_Mazez
            0944109295 @Lemaze_z",2025-06-11 12:27:14+00:00,../data/raw/photos\@Leyueqa_7552.jpg
Fashion tera,@Fashiontera,4151,"сђ░№ИЈсђ░№ИЈсђ░№ИЈсђ░№ИЈсђ░№ИЈсђ░№ИЈсђ░№ИЈ
Made in Vietnam 
­ЪћИ­ЪћИ­ЪћИ­ЪћИ­ЪћИ­ЪћИ
Size    41,42
Price   3400
(Free Delivery)
Inbox @Hiwe5266
рѕхрѕЇріГ +251945355266

    ­ЪћХ рЇІрѕйріЋ рЅ░рѕФ /Fashion Tera ­ЪћХ
          сђ░№ИЈсђ░№ИЈсђ░№ИЈсђ░№ИЈсђ░№ИЈсђ░№ИЈсђ░№ИЈсђ░№ИЈ
ріарІхрѕФрѕ╗: ріарІ▓рѕх ріарЅарЅБ ,рїдрѕГ рѕђрІГрѕјрЅй рІхрѕфрѕЮ рЅ│рІѕрѕГ 2рЅ░ріЏ рЇјрЅЁ
сђ░№ИЈсђ░№ИЈсђ░№ИЈсђ░№ИЈсђ░№ИЈ",2025-06-14 13:32:36+00:00,../data/raw/photos\@Fashiontera_4151.jpg
Zemen Express┬«,@ZemenExpress,6219,"­ЪњЦ­ЪњЦ...................................­ЪњЦ­ЪњЦ

­ЪЊї4in1 spray window cleaner

­ЪЉЇeasy to clean glass
­ЪЉЇcharm clean

┬арІІрїІрЇд┬а ­Ъњ▓­ЪЈи┬а650┬а рЅЦрѕГ

РЎд№ИЈрІЇрѕхріЋ рЇЇрѕг ріљрІЇ рІФрѕѕрІЇ­ЪћЦ­ЪћЦ­ЪћЦ

­ЪЈб ріарІхрѕФрѕ╗­ЪЉЅ

­ЪЊЇрЅЂ.1№ИЈРЃБРЎд№ИЈрѕўрїѕріЊріЏ рѕўрѕ░рѕерЅх рІ░рЇІрѕГ рѕърѕЇ рѕЂрѕѕрЅ░ріЏ рЇјрЅЁ рЅбрѕ« рЅЂ. S05/S06

­ЪЊЇ рЅЂ.2№ИЈРЃБРЎд№ИЈрЇњрІФрѕ│ рїірІ«рѕГрїірѕх ріарІ░рЅБрЅБрІГ рѕФрѕўрЅх_рЅ│рЅдрѕГ_рідрІ│_рѕЁріЋрЇЃ 1ріЏ рЇјрЅЁ рѕ▒рЅЁ рЅЂ. G1 -107



┬а┬а┬а┬а ­ЪњД­ЪњД­ЪњД­ЪњД


┬а┬а┬а ­ЪЊ▓ 0902660722
┬а┬а┬а ­ЪЊ▓ 0928460606

РъА№ИЈ ­Ъћ┤рЇњрІФрѕ│ рЅЁрѕГріЋрїФрЇЇ 0960460606
┬а┬а┬а┬а┬а┬а┬а┬а┬а┬а┬а┬а┬а┬а┬а┬а┬а┬а┬а┬а┬а┬а┬а┬а┬а┬а┬а ­ЪЊ▒ @mardashope

­Ъћќ
­ЪњгрЅаTelegram рѕѕрѕЏрІўрІЮ Рцх№ИЈ рІГрїарЅђрѕЎ­Ъћй

@zemencallcenter 

@zemenexpressadmin

рѕѕрЅ░рїерѕЏрѕф рѕЏрЅЦрѕФрѕфрІФ рІерЅ┤рѕїрїЇрѕФрѕЮ рїѕрЇЃрЅйріЋРцх№ИЈ
https://telegram.me/zemenexpress

­ЪњЦ­ЪњЦ...................................­ЪњЦ­ЪњЦ",2025-02-15 13:56:56+00:00,../data/raw/photos\@ZemenExpress_6219.jpg
